<?xml version="1.0" encoding="UTF-8"?>
<!DOCTYPE mapper PUBLIC "-//mybatis.org//DTD Mapper 3.0//EN" "http://mybatis.org/dtd/mybatis-3-mapper.dtd">

<mapper namespace="vengine.batchjob.po.mapper.OrderMapper">
    <select id="searchBuyerApiInfo" resultType="vengine.batchjob.po.dto.BuyerApiInfoDto">
        select
             comp_id as company
            ,user_id as apiUserId
            ,accessKeyId
            ,dataKey
            ,secretAccessKey
        from buyer_api_info bai
    </select>

    <select id="selectByStatusAndOrderStatusCodeAndDocumentRefNumber" resultType="vengine.batchjob.po.dto.OrderDto">
        select
        *
        from buyer_order_info boi
        where boi.status = #{status}
        and boi.orderStatusCode = #{orderStatus}
        and boi.documentRefNumber = #{documentRefNumber}
        and boi.comp_id = #{companyID}
    </select>

    <select id="selectLatestAcceptedOn" resultType="String">
        select
            boi.acceptedOn
        from buyer_order_info boi
        where boi.orderStatusCode='Accepted'
        and boi.acceptedOn is not null
        and boi.comp_id=#{companyID}
        order by boi.acceptedOn desc
        limit 1
    </select>

    <select id="selectLatestAssignedOn" resultType="String">
        select
            boi.assignedOn
        from buyer_order_info boi
        where boi.orderStatusCode='New'
        and boi.assignedOn is not null
        and boi.comp_id=#{companyID}
        order by boi.assignedOn desc
        limit 1
    </select>

    <select id="selectLatestCancelledOn" resultType="String">
        select
            boi.cancelledOn
        from buyer_order_info boi
        where boi.orderStatusCode='Cancelled'
        and boi.cancelledOn is not null
        and boi.comp_id=#{companyID}
        order by boi.cancelledOn desc
        limit 1
    </select>

    <select id="selectPurchaseOrderByUid" resultType="vengine.batchjob.po.dto.OrderDto">
        select
            *
        from buyer_order_info boi
        where boi.uid=#{uid}
    </select>

    <select id="selectPurchaseOrderByDocumentId" resultType="vengine.batchjob.po.dto.OrderDto">
        select
            *
        from buyer_order_info boi
        where boi.documentId=#{documentId}
        and boi.comp_id = #{companyID}
    </select>

    <update id="cancelledPurchaseOrder" parameterType="vengine.batchjob.po.dto.OrderDto">
        update buyer_order_info
               set cancelledOn = #{cancelledOn}
                     ,assignedOn = #{assignedOn}
                     ,status= #{status}
                     ,orderStatusCode = #{orderStatusCode}
        where id=#{id}
    </update>

    <update id="acceptedPurchaseOrder" parameterType="vengine.batchjob.po.dto.OrderDto">
        update buyer_order_info
               set acceptedOn = #{acceptedOn}
                     ,assignedOn = #{assignedOn}
                     ,status= #{status}
                     ,orderStatusCode = #{orderStatusCode}
        where id=#{id}
    </update>

    <update id="acceptedPurchaseOrderAmendment" parameterType="vengine.batchjob.po.dto.OrderDto">
        update buyer_order_info
               set suspendedOn = #{suspendedOn}
                     ,assignedOn = #{assignedOn}
                     ,status= #{status}
                     ,orderStatusCode = #{orderStatusCode}
        where id=#{id}
    </update>

    <insert id="insertPurchaseOrder" parameterType="vengine.batchjob.po.dto.OrderDto" useGeneratedKeys="true" keyProperty="id">
        insert into buyer_order_info
        (id, assignedToUserId, uid, objectType, documentType, documentId, documentRefNumber, status, orderStatusCode, assignedOn, acceptedOn,
        cancelledOn, suspendedOn, finishedOn, url, shipmentUrl, orderClass, deptName, deptCode, destinationCountry, originCountry, originCity,
        brand, divisionName, marketPONo, marketDesc, issueDate, cancelAfterDate, latestDate, earliestDate, contractShipCancelDate, inDcDate,
        inStoreDate, revisionNumber, currencyCode, retailSeason, buildTypeCode, shipmentMethodCode, factoryDifferent, orderedQuantity,
        shipmentQuantity, incotermCode, timestamp, comp_id)
        values
        (#{id}, #{assignedToUserId}, #{uid}, #{objectType}, #{documentType}, #{documentId}, #{documentRefNumber}, #{status}, #{orderStatusCode},#{assignedOn},
         #{acceptedOn}, #{cancelledOn}, #{suspendedOn}, #{finishedOn}, #{url}, #{shipmentUrl}, #{orderClass}, #{deptName}, #{deptCode},
         #{destinationCountry}, #{originCountry}, #{originCity}, #{brand}, #{divisionName}, #{marketPONo}, #{marketDesc}, #{issueDate}, #{cancelAfterDate},
         #{latestDate}, #{earliestDate}, #{contractShipCancelDate}, #{inDcDate}, #{inStoreDate}, #{revisionNumber}, #{currencyCode}, #{retailSeason},
         #{buildTypeCode}, #{shipmentMethodCode}, #{factoryDifferent}, #{orderedQuantity}, #{shipmentQuantity}, #{incotermCode}, #{timestamp}, #{companyID})
    </insert>

    <insert id="insertOrderChangeDescription" parameterType="vengine.batchjob.po.dto.OrderChangeDescriptionDto">
        insert into buyer_order_change_description
        (text, buyerOrderInfoId)
        values
        (#{text}, #{buyerOrderInfoId})
    </insert>

    <insert id="insertOrderParty" parameterType="vengine.batchjob.po.dto.OrderPartyDto">
        insert into buyer_order_party
        (addressLine1, addressLine2, city, countryCode, department, name, postalCodeNumber, `role`, stateOrProvince, buyerOrderInfoId, comp_id)
        values
        (#{addressLine1}, #{addressLine2}, #{city}, #{countryCode}, #{department}, #{name}, #{postalCodeNumber}, #{role}, #{stateOrProvince}, #{buyerOrderInfoId}, #{companyID})
    </insert>

    <insert id="insertOrderItem" parameterType="vengine.batchjob.po.dto.OrderItemDto">
        insert into buyer_order_item
        (color, itemUid, itemTypeCode, description, fullCartonIndicator, line, packInstructionReference, pkQty, prepackType, pricePerUnit, qty, qtyPerInnerPack, qtyPerOuterPack, size, sku, styleNumber, totalPrice, buyerOrderInfoId, comp_id)
        values
        (#{color}, #{itemUid}, #{itemTypeCode}, #{description}, #{fullCartonIndicator}, #{line}, #{packInstructionReference}, #{pkQty}, #{prepackType}, #{pricePerUnit}, #{qty}, #{qtyPerInnerPack}, #{qtyPerOuterPack}, #{size}, #{sku}, #{styleNumber}, #{totalPrice}, #{buyerOrderInfoId}, #{companyID})
    </insert>

    <update id="updatePurchaseOrder" parameterType="vengine.batchjob.po.dto.OrderDto">
        update buyer_order_info
               set assignedToUserId =#{assignedToUserId}
                     , uid=#{uid}
                     , objectType=#{objectType}
                     , documentType=#{documentType}
                     , assignedOn=#{assignedOn}
                     , cancelledOn=#{cancelledOn}
                     , acceptedOn=#{acceptedOn}
                     , suspendedOn=#{suspendedOn}
                     , finishedOn=#{finishedOn}
                     , url=#{url}
                     , shipmentUrl=#{shipmentUrl}
                     , orderClass=#{orderClass}
                     , deptName=#{deptName}
                     , deptCode=#{deptCode}
                     , destinationCountry=#{destinationCountry}
                     , originCountry=#{originCountry}
                     , originCity=#{originCity}
                     , brand=#{brand}
                     , divisionName=#{divisionName}
                     , marketDesc=#{marketDesc}
                     , marketPONo=#{marketPONo}
                     , issueDate=#{issueDate}
                     , cancelAfterDate=#{cancelAfterDate}
                     , latestDate=#{latestDate}
                     , earliestDate=#{earliestDate}
                     , contractShipCancelDate=#{contractShipCancelDate}
                     , inDcDate=#{inDcDate}
                     , inStoreDate=#{inStoreDate}
                     , revisionNumber=#{revisionNumber}
                     , currencyCode=#{currencyCode}
                     , retailSeason=#{retailSeason}
                     , buildTypeCode=#{buildTypeCode}
                     , orderedQuantity=(select sum(qty) from buyer_order_item where buyerOrderInfoId=#{id})
                     , incotermCode=#{incotermCode}
                     , timestamp=#{timestamp}
        where id=#{id}
    </update>

    <update id="updateOrderItem" parameterType="vengine.batchjob.po.dto.OrderItemDto">
        update buyer_order_item
               set  styleNumber=#{styleNumber}
                      ,color=#{color}
                      ,prepackType=#{prepackType}
                      ,fullCartonIndicator=#{fullCartonIndicator}
                      ,pricePerUnit=#{pricePerUnit}
                      ,qty=#{qty}
                      ,pkQty=#{pkQty}
                      ,qtyPerInnerPack=#{qtyPerInnerPack}
                      ,qtyPerOuterPack=#{qtyPerOuterPack}
                      ,size=#{size}
                      ,totalPrice=#{totalPrice}
                      ,sku=#{sku}
                      ,line=#{line}
                      ,packInstructionReference=#{packInstructionReference}
                      ,description=#{description}
        where id=#{id}
    </update>

    <delete id="deleteOrderParty" parameterType="Long">
        delete from buyer_order_party
        where buyerOrderInfoId=#{buyerOrderInfoId}
    </delete>

    <delete id="deleteOrderChangeDescription" parameterType="Long">
        delete from buyer_order_change_description
        where buyerOrderInfoId=#{buyerOrderInfoId}
    </delete>

    <select id="searchItemByItemUid" resultType="vengine.batchjob.po.dto.OrderItemDto">
        select
            *
        from buyer_order_item boi
        where boi.itemUid=#{itemUid}
        and boi.comp_id = #{companyID}
    </select>

    <select id="selectOrderItems" resultType="vengine.batchjob.po.dto.OrderItemDto">
        select
        *
        from buyer_order_item boi
        where boi.buyerOrderInfoId = #{orderId}
        and boi.comp_id = #{companyID}
    </select>

    <update id="updateOrderInfo" parameterType="vengine.batchjob.po.dto.OrderDto">
        update buyer_order_info set
                     shipmentUrl = #{shipmentUrl}
                    ,finishedOn = #{finishedOn}
                    ,status= #{status}
                    ,orderStatusCode = #{orderStatusCode}
                    ,shipmentQuantity = #{shipmentQuantity}
        where id = #{id}
    </update>
</mapper>