id,type_document_id,vendor_comp_id,type_dept_id,type_team_id,status,no_indent,id,brand_company_id,no_design,id,type_season_id,name_season_y_id,type_gender_id,type_fabric_main_id,type_apparel_id,type_order_id,type_order_detail_id,mid_comp_id,remark,creted_ts,updated_ts
1,18,24,3,0,CLOSE,LEV-1017,1,101,111211CY2,1,3,3,12,2,24,1,0,15,,2021-11-06 0:00,2021-11-06 0:00
2,18,24,3,0,CLOSE,LEV-1012,2,101,111311BY2,2,3,3,12,2,24,1,0,15,,2021-11-06 0:00,2021-11-06 0:00
3,18,24,3,0,CLOSE,LEV-1043,3,101,111321BY2,3,3,3,12,2,31,1,0,16,,2021-11-06 0:00,2021-11-06 0:00
4,18,24,3,0,CLOSE,LEV-1044,4,101,111411BY2,4,3,3,12,2,24,1,0,15,,2021-11-06 0:00,2021-11-06 0:00
5,18,24,3,0,CLOSE,LEV-1019,5,101,111411CY1,5,3,3,12,2,24,1,0,16,,2021-11-06 0:00,2021-11-06 0:00
6,18,24,3,0,CLOSE,LEV-1020,6,101,111421AY1,6,3,3,12,2,31,1,0,15,,2021-11-06 0:00,2021-11-06 0:00
7,18,24,3,0,CLOSE,LEV-1045,7,101,111425BY1,7,3,3,12,2,31,1,0,15,,2021-11-06 0:00,2021-11-06 0:00
8,18,24,3,0,CLOSE,LEV-1048,8,101,111439BY1,8,3,3,12,2,24,1,0,15,,2021-11-06 0:00,2021-11-06 0:00
9,18,24,3,0,CLOSE,LEV-1057,9,101,111471AY2,9,3,3,12,2,16,1,0,16,,2021-11-06 0:00,2021-11-06 0:00
10,18,24,3,0,CLOSE,LEV-1046,10,101,111471BY2,10,3,3,12,2,16,1,0,16,,2021-11-06 0:00,2021-11-06 0:00
11,18,24,3,0,CLOSE,LEV-1049,11,101,111571CY3,11,3,3,12,2,16,1,0,16,,2021-11-06 0:00,2021-11-06 0:00
12,18,24,3,0,OPEN,LEV-1061,12,101,111811AY2,12,4,3,12,2,24,1,0,16,,2021-11-06 0:00,2021-11-06 0:00
13,18,24,3,0,OPEN,LEV-1062,13,101,111821AY3,13,4,3,12,2,31,1,0,17,,2021-11-06 0:00,2021-11-06 0:00
14,18,24,3,0,OPEN,LEV-1059,14,101,111827BY1,14,4,3,12,2,35,1,0,15,,2021-11-06 0:00,2021-11-06 0:00
15,18,24,3,0,OPEN,LEV-1075,15,101,111X21AY1,15,4,3,12,2,31,1,0,16,,2021-11-06 0:00,2021-11-06 0:00
16,18,24,3,0,OPEN,LEV-1068,16,101,111X27AYB,16,4,3,12,2,35,1,0,17,,2021-11-06 0:00,2021-11-06 0:00
17,18,24,3,0,OPEN,LEV-1069,17,101,111X27BYA,17,4,3,12,2,35,1,0,16,,2021-11-06 0:00,2021-11-06 0:00
18,18,24,3,0,OPEN,LEV-1097,18,101,111Y27AY1,18,4,3,12,2,35,1,0,15,,2021-11-06 0:00,2021-11-06 0:00
19,18,24,3,0,OPEN,LEV-1067,19,101,111Y30AY1,19,4,3,12,2,10,1,0,16,,2021-11-06 0:00,2021-11-06 0:00
20,18,24,3,0,OPEN,LEV-1094,20,101,111Y30AY3,20,4,3,12,2,10,1,0,15,,2021-11-06 0:00,2021-11-06 0:00
21,18,24,3,0,OPEN,LEV-22010,21,101,112111BY1,21,3,4,12,2,24,1,0,17,,2021-11-06 0:00,2021-11-06 0:00
22,18,24,3,0,OPEN,LEV-22009,22,101,112111BY2,22,3,4,12,2,24,1,0,17,,2021-11-06 0:00,2021-11-06 0:00
23,18,24,3,0,OPEN,LEV-22034,23,101,112121BY1,23,3,4,12,2,31,1,0,15,,2021-11-06 0:00,2021-11-06 0:00
24,18,24,3,0,OPEN,LEV-22015,24,101,112211CY1,24,3,4,12,2,24,1,0,17,,2021-11-06 0:00,2021-11-06 0:00
25,18,24,3,0,OPEN,LEV-22014,25,101,112227CY1,25,3,4,12,2,35,1,0,17,,2021-11-06 0:00,2021-11-06 0:00
26,18,24,3,0,OPEN,LEV-22052,26,101,112327CY1,26,3,4,12,2,35,1,0,17,,2021-11-06 0:00,2021-11-06 0:00
27,18,24,3,0,OPEN,LEV-22042,27,101,112411AY2,27,3,4,12,2,24,1,0,17,,2021-11-06 0:00,2021-11-06 0:00
28,18,24,3,0,OPEN,LEV-22041,28,101,112421CY1,28,3,4,12,2,31,1,0,15,,2021-11-06 0:00,2021-11-06 0:00
29,18,24,3,0,OPEN,LEV-22054,29,101,112527BY2,29,3,4,12,2,35,1,0,17,,2021-11-06 0:00,2021-11-06 0:00
30,18,24,3,0,CLOSE,LEV-1042,30,101,121327EY1,30,3,3,12,2,35,1,0,15,,2021-11-06 0:00,2021-11-06 0:00
31,18,24,3,0,OPEN,LEV-1076,31,101,121X21GY4,31,4,3,12,2,31,1,0,17,,2021-11-06 0:00,2021-11-06 0:00
32,18,24,3,0,OPEN,LEV-1100,32,101,121Y30GY1,32,4,3,12,2,10,1,0,16,,2021-11-06 0:00,2021-11-06 0:00
33,18,24,3,0,CLOSE,LEV-1016,33,101,161111FY2,33,3,3,12,2,24,1,0,17,,2021-11-06 0:00,2021-11-06 0:00
34,18,24,3,0,CLOSE,LEV-1047,34,101,161311GY1,34,3,3,12,2,24,1,0,15,,2021-11-06 0:00,2021-11-06 0:00
35,18,24,3,0,CLOSE,LEV-1041,35,101,161321GY3,35,3,3,12,2,31,1,0,15,,2021-11-06 0:00,2021-11-06 0:00
36,18,24,3,0,OPEN,LEV-22021,36,101,162221FY4,36,3,4,12,2,31,1,0,15,,2021-11-06 0:00,2021-11-06 0:00
37,18,24,3,0,OPEN,LEV-22047,37,101,162511FY3,37,3,4,12,2,24,1,0,15,,2021-11-06 0:00,2021-11-06 0:00
38,18,24,3,0,CLOSE,LEV-1021,38,101,211130AYD,38,3,3,2,2,10,1,0,15,,2021-11-06 0:00,2021-11-06 0:00
39,18,24,3,0,CLOSE,LEV-1027,39,101,211311AY2,39,3,3,2,2,24,1,0,16,,2021-11-06 0:00,2021-11-06 0:00
40,18,24,3,0,CLOSE,LEV-1056,40,101,211311LY1,40,3,3,2,2,24,1,0,17,,2021-11-06 0:00,2021-11-06 0:00
41,18,24,3,0,CLOSE,LEV-1028,41,101,211321AY1,41,3,3,2,2,31,1,0,15,,2021-11-06 0:00,2021-11-06 0:00
42,18,24,3,0,CLOSE,LEV-1001,42,101,211321AY2,42,3,3,2,2,31,1,0,16,,2021-11-06 0:00,2021-11-06 0:00
43,18,24,3,0,CLOSE,LEV-1022,43,101,211330AYK,43,3,3,2,2,10,1,0,15,,2021-11-06 0:00,2021-11-06 0:00
44,18,24,3,0,CLOSE,LEV-1052,44,101,211411AY1,44,3,3,2,2,24,1,0,17,,2021-11-06 0:00,2021-11-06 0:00
45,18,24,3,0,CLOSE,LEV-1054,45,101,211411AY2,45,3,3,2,2,24,1,0,15,,2021-11-06 0:00,2021-11-06 0:00
46,18,24,3,0,CLOSE,LEV-1050,46,101,211411BY1,46,3,3,2,2,24,1,0,16,,2021-11-06 0:00,2021-11-06 0:00
47,18,24,3,0,CLOSE,LEV-1053,47,101,211421AY1,47,3,3,2,2,31,1,0,17,,2021-11-06 0:00,2021-11-06 0:00
48,18,24,3,0,CLOSE,LEV-1055,48,101,211421AY2,48,3,3,2,2,31,1,0,17,,2021-11-06 0:00,2021-11-06 0:00
49,18,24,3,0,CLOSE,LEV-1051,49,101,211421BY1,49,3,3,2,2,31,1,0,16,,2021-11-06 0:00,2021-11-06 0:00
50,18,24,3,0,CLOSE,LEV-1058,50,101,211525AY1,50,3,3,2,2,31,1,0,17,,2021-11-06 0:00,2021-11-06 0:00
51,18,24,3,0,OPEN,LEV-1083,51,101,211921AYD,51,4,3,2,2,31,1,0,15,,2021-11-06 0:00,2021-11-06 0:00
52,18,24,3,0,OPEN,LEV-1091,52,101,211930AY1,52,4,3,2,2,10,1,0,17,,2021-11-06 0:00,2021-11-06 0:00
53,18,24,3,0,OPEN,LEV-1078,53,101,211930DY1,53,4,3,2,2,10,1,0,15,,2021-11-06 0:00,2021-11-06 0:00
54,18,24,3,0,OPEN,LEV-1102,54,101,211Y21DZ1,54,4,3,2,2,31,1,0,17,,2021-11-06 0:00,2021-11-06 0:00
55,18,24,3,0,OPEN,LEV-22004,55,101,212111AY1,55,3,4,2,2,24,1,0,15,,2021-11-06 0:00,2021-11-06 0:00
56,18,24,3,0,OPEN,LEV-22005,56,101,212121AY1,56,3,4,2,2,31,1,0,17,,2021-11-06 0:00,2021-11-06 0:00
57,18,24,3,0,OPEN,LEV-22008,57,101,212130AY1,57,3,4,2,2,10,1,0,16,,2021-11-06 0:00,2021-11-06 0:00
58,18,24,3,0,OPEN,LEV-22007,58,101,212221DY2,58,3,4,2,2,31,1,0,15,,2021-11-06 0:00,2021-11-06 0:00
59,18,24,3,0,OPEN,LEV-22036,59,101,212311AY1,59,3,4,2,2,24,1,0,16,,2021-11-06 0:00,2021-11-06 0:00
60,18,24,3,0,OPEN,LEV-22039,60,101,212311DY1,60,3,4,2,2,24,1,0,16,,2021-11-06 0:00,2021-11-06 0:00
61,18,24,3,0,OPEN,LEV-22037,61,101,212321AY3,61,3,4,2,2,31,1,0,17,,2021-11-06 0:00,2021-11-06 0:00
62,18,24,3,0,OPEN,LEV-22060,62,101,212321DZ1,62,3,4,2,2,31,1,0,15,,2021-11-06 0:00,2021-11-06 0:00
63,18,24,3,0,OPEN,LEV-22003,63,101,212330AY1,63,3,4,2,2,10,1,0,31,,2021-11-06 0:00,2021-11-06 0:00
64,18,24,3,0,OPEN,LEV-22038,64,101,212330AY2,64,3,4,2,2,24,1,0,15,,2021-11-06 0:00,2021-11-06 0:00
65,18,24,3,0,OPEN,LEV-22059,65,101,212411AY1,65,3,4,2,2,24,1,0,31,,2021-11-06 0:00,2021-11-06 0:00
66,18,24,3,0,OPEN,LEV-22006,66,101,222221BY2,66,3,4,2,2,31,1,0,31,,2021-11-06 0:00,2021-11-06 0:00
67,18,24,3,0,OPEN,LEV-22001,67,101,222230BY1,67,3,4,2,2,10,1,0,17,,2021-11-06 0:00,2021-11-06 0:00
68,18,24,3,0,OPEN,LEV-1101,68,101,251921GZ1,68,4,3,2,2,31,1,0,16,,2021-11-06 0:00,2021-11-06 0:00
69,18,24,3,0,CLOSE,LEV-1002,69,101,261121DY2,69,3,3,2,2,31,1,0,16,,2021-11-06 0:00,2021-11-06 0:00
70,18,24,3,0,CLOSE,LEV-1023,70,101,261221DY1,70,3,3,2,2,31,1,0,15,,2021-11-06 0:00,2021-11-06 0:00
71,18,24,3,0,OPEN,LEV-1085,71,101,261921EYA,71,4,3,2,2,31,1,0,15,,2021-11-06 0:00,2021-11-06 0:00
72,18,24,3,0,OPEN,LEV-1086,72,101,261921EZA,72,4,3,2,2,31,1,0,31,,2021-11-06 0:00,2021-11-06 0:00
73,18,24,3,0,OPEN,LEV-22002,73,101,262211CY1,73,3,4,2,2,24,1,0,17,,2021-11-06 0:00,2021-11-06 0:00
74,18,24,3,0,OPEN,LEV-22058,74,101,262411CY1,74,3,4,2,2,24,1,0,15,,2021-11-06 0:00,2021-11-06 0:00
75,18,24,3,0,CLOSE,LEV-1005,75,101,321111AY5,75,3,3,12,2,24,1,0,15,,2021-11-06 0:00,2021-11-06 0:00
76,18,24,3,0,CLOSE,LEV-1003,76,101,321111LY1,76,3,3,12,2,24,1,0,15,,2021-11-06 0:00,2021-11-06 0:00
77,18,24,3,0,CLOSE,LEV-1009,77,101,321111LY2,77,3,3,12,2,24,1,0,16,,2021-11-06 0:00,2021-11-06 0:00
78,18,24,3,0,CLOSE,LEV-1006,78,101,321121BY1,78,3,3,12,2,31,1,0,17,,2021-11-06 0:00,2021-11-06 0:00
79,18,24,3,0,CLOSE,LEV-1004,79,101,321121LY7,79,3,3,12,2,31,1,0,16,,2021-11-06 0:00,2021-11-06 0:00
80,18,24,3,0,CLOSE,LEV-1013,80,101,321211LY5,80,3,3,12,2,24,1,0,15,,2021-11-06 0:00,2021-11-06 0:00
81,18,24,3,0,CLOSE,LEV-1007,81,101,321221LY2,81,3,3,12,2,31,1,0,15,,2021-11-06 0:00,2021-11-06 0:00
82,18,24,3,0,CLOSE,LEV-1008,82,101,321221LY2-1,82,3,3,12,2,31,1,0,15,,2021-11-06 0:00,2021-11-06 0:00
83,18,24,3,0,CLOSE,LEV-1014,83,101,321221LY3,83,3,3,12,2,31,1,0,15,,2021-11-06 0:00,2021-11-06 0:00
84,18,24,3,0,CLOSE,LEV-1010,84,101,321311DY8,84,3,3,12,2,24,1,0,15,,2021-11-06 0:00,2021-11-06 0:00
85,18,24,3,0,CLOSE,LEV-1011,85,101,321311EYA,85,3,3,12,2,24,1,0,15,,2021-11-06 0:00,2021-11-06 0:00
86,18,24,3,0,CLOSE,LEV-1015,86,101,321311LY3,86,3,3,12,2,24,1,0,15,,2021-11-06 0:00,2021-11-06 0:00
87,18,24,3,0,CLOSE,LEV-1018,87,101,321321DY5,87,3,3,12,2,31,1,0,17,,2021-11-06 0:00,2021-11-06 0:00
88,18,24,3,0,CLOSE,LEV-1025,88,101,321364BY2,88,3,3,12,2,3,1,0,17,,2021-11-06 0:00,2021-11-06 0:00
89,18,24,3,0,CLOSE,LEV-1026,89,101,321364EY1,89,3,3,12,2,3,1,0,15,,2021-11-06 0:00,2021-11-06 0:00
90,18,24,3,0,CLOSE,LEV-1029,90,101,321411DY4,90,3,3,12,2,24,1,0,17,,2021-11-06 0:00,2021-11-06 0:00
91,18,24,3,0,CLOSE,LEV-1032,91,101,321411LY1,91,3,3,12,2,24,1,0,17,,2021-11-06 0:00,2021-11-06 0:00
92,18,24,3,0,CLOSE,LEV-1031,92,101,321411LY2,92,3,3,12,2,24,1,0,17,,2021-11-06 0:00,2021-11-06 0:00
93,18,24,3,0,CLOSE,LEV-1033,93,101,321411LY6,93,3,3,12,2,24,1,0,15,,2021-11-06 0:00,2021-11-06 0:00
94,18,24,3,0,CLOSE,LEV-1040,94,101,321411LY8,94,3,3,12,2,24,1,0,17,,2021-11-06 0:00,2021-11-06 0:00
95,18,24,3,0,CLOSE,LEV-1035,95,101,321421FY1,95,3,3,12,2,31,1,0,17,,2021-11-06 0:00,2021-11-06 0:00
96,18,24,3,0,CLOSE,LEV-1034,96,101,321421LY6,96,3,3,12,2,31,1,0,17,,2021-11-06 0:00,2021-11-06 0:00
97,18,24,3,0,CLOSE,LEV-1030,97,101,321421LYA,97,3,3,12,2,31,1,0,16,,2021-11-06 0:00,2021-11-06 0:00
98,18,24,3,0,CLOSE,LEV-1039,98,101,321521EY1,98,3,3,12,2,31,1,0,31,,2021-11-06 0:00,2021-11-06 0:00
99,18,24,3,0,CLOSE,LEV-1038,99,101,321521LY2,99,3,3,12,2,31,1,0,17,,2021-11-06 0:00,2021-11-06 0:00
100,18,24,3,0,CLOSE,LEV-1036,100,101,321525LY6,100,3,3,12,2,31,1,0,17,,2021-11-06 0:00,2021-11-06 0:00
101,18,24,3,0,CLOSE,LEV-1037,101,101,321525LY7,101,3,3,12,2,31,1,0,15,,2021-11-06 0:00,2021-11-06 0:00
102,18,24,3,0,OPEN,LEV-1074,102,101,321721BY1,102,4,3,12,2,31,1,0,15,,2021-11-06 0:00,2021-11-06 0:00
103,18,24,3,0,OPEN,LEV-1092,103,101,321811CY5,103,4,3,12,2,24,1,0,15,,2021-11-06 0:00,2021-11-06 0:00
104,18,24,3,0,OPEN,LEV-1060,104,101,321811LY2,104,4,3,12,2,24,1,0,18,,2021-11-06 0:00,2021-11-06 0:00
105,18,24,3,0,OPEN,LEV-1093,105,101,321821CYZ,105,4,3,12,2,31,1,0,18,,2021-11-06 0:00,2021-11-06 0:00
106,18,24,3,0,OPEN,LEV-1095,106,101,32183TLY3,106,4,3,12,2,10,1,0,18,,2021-11-06 0:00,2021-11-06 0:00
107,18,24,3,0,OPEN,LEV-1063,107,101,321911LY5,107,4,3,12,2,24,1,0,18,,2021-11-06 0:00,2021-11-06 0:00
108,18,24,3,0,OPEN,LEV-1066,108,101,321911LY7,108,4,3,12,2,24,1,0,18,,2021-11-06 0:00,2021-11-06 0:00
109,18,24,3,0,OPEN,LEV-1099,109,101,321911LY9,109,4,3,12,2,24,1,0,18,,2021-11-06 0:00,2021-11-06 0:00
110,18,24,3,0,OPEN,LEV-1070,110,101,321921LY2,110,4,3,12,2,31,1,0,18,,2021-11-06 0:00,2021-11-06 0:00
111,18,24,3,0,OPEN,LEV-1071,111,101,321921LY3,111,4,3,12,2,31,1,0,18,,2021-11-06 0:00,2021-11-06 0:00
112,18,24,3,0,OPEN,LEV-1089,112,101,321921LY4,112,4,3,12,2,31,1,0,18,,2021-11-06 0:00,2021-11-06 0:00
113,18,24,3,0,OPEN,LEV-1064,113,101,321921LY6,113,4,3,12,2,31,1,0,18,,2021-11-06 0:00,2021-11-06 0:00
114,18,24,3,0,OPEN,LEV-1096,114,101,32193TLY4,114,4,3,12,2,10,1,0,0,,2021-11-06 0:00,2021-11-06 0:00
115,18,24,3,0,OPEN,LEV-1072,115,101,321X11LY2,115,4,3,12,2,24,1,0,0,,2021-11-06 0:00,2021-11-06 0:00
116,18,24,3,0,OPEN,LEV-1065,116,101,321X11LY7,116,4,3,12,2,24,1,0,0,,2021-11-06 0:00,2021-11-06 0:00
117,18,24,3,0,OPEN,LEV-1090,117,101,321X11LY8,117,4,3,12,2,24,1,0,0,,2021-11-06 0:00,2021-11-06 0:00
118,18,24,3,0,OPEN,LEV-1080,118,101,321X21AY9,118,4,3,12,2,31,1,0,0,,2021-11-06 0:00,2021-11-06 0:00
119,18,24,3,0,OPEN,LEV-1079,119,101,321X27LY4,119,4,3,12,2,35,1,0,0,,2021-11-06 0:00,2021-11-06 0:00
120,18,24,3,0,OPEN,LEV-1082,120,101,321Y21CYA,120,4,3,12,2,31,1,0,0,,2021-11-06 0:00,2021-11-06 0:00
121,18,24,3,0,OPEN,LEV-1081,121,101,321Y21LY2,121,4,3,12,2,31,1,0,0,,2021-11-06 0:00,2021-11-06 0:00
122,18,24,3,0,OPEN,LEV-1073,122,101,321Y30LY1,122,4,3,12,2,10,1,0,0,,2021-11-06 0:00,2021-11-06 0:00
123,18,24,3,0,OPEN,LEV-1087,123,101,321Y30LY4,123,4,3,12,2,10,1,0,0,,2021-11-06 0:00,2021-11-06 0:00
124,18,24,3,0,OPEN,LEV-22016,124,101,322111KY4,124,3,4,12,2,24,1,0,0,,2021-11-06 0:00,2021-11-06 0:00
125,18,24,3,0,OPEN,LEV-22020,125,101,322121DY7,125,3,4,12,2,31,1,0,0,,2021-11-06 0:00,2021-11-06 0:00
126,18,24,3,0,OPEN,LEV-22017,126,101,322121KY6,126,3,4,12,2,31,1,0,0,,2021-11-06 0:00,2021-11-06 0:00
127,18,24,3,0,OPEN,LEV-22022,127,101,322211HY6,127,3,4,12,2,24,1,0,0,,2021-11-06 0:00,2021-11-06 0:00
128,18,24,3,0,OPEN,LEV-22032,128,101,322211HY7,128,3,4,12,2,24,1,0,0,,2021-11-06 0:00,2021-11-06 0:00
129,18,24,3,0,OPEN,LEV-22011,129,101,322211LY2,129,3,4,12,2,24,1,0,0,,2021-11-06 0:00,2021-11-06 0:00
130,18,24,3,0,OPEN,LEV-22012,130,101,322211LY3,130,3,4,12,2,24,1,0,0,,2021-11-06 0:00,2021-11-06 0:00
131,18,24,3,0,OPEN,LEV-22013,131,101,322211LY4,131,3,4,12,2,24,1,0,0,,2021-11-06 0:00,2021-11-06 0:00
132,18,24,3,0,OPEN,LEV-22018,132,101,322211LY5,132,3,4,12,2,24,1,0,0,,2021-11-06 0:00,2021-11-06 0:00
133,18,24,3,0,OPEN,LEV-22023,133,101,322221HY7,133,3,4,12,2,31,1,0,0,,2021-11-06 0:00,2021-11-06 0:00
134,18,24,3,0,OPEN,LEV-22033,134,101,322221HY8,134,3,4,12,2,31,1,0,0,,2021-11-06 0:00,2021-11-06 0:00
135,18,24,3,0,OPEN,LEV-22019,135,101,322221LY3,135,3,4,12,2,31,1,0,0,,2021-11-06 0:00,2021-11-06 0:00
136,18,24,3,0,OPEN,LEV-22024,136,101,322221LY6,136,3,4,12,2,31,1,0,0,,2021-11-06 0:00,2021-11-06 0:00
137,18,24,3,0,OPEN,LEV-22027,137,101,322227LY1,137,3,4,12,2,35,1,0,0,,2021-11-06 0:00,2021-11-06 0:00
138,18,24,3,0,OPEN,LEV-22028,138,101,322227LY2,138,3,4,12,2,35,1,0,0,,2021-11-06 0:00,2021-11-06 0:00
139,18,24,3,0,OPEN,LEV-22025,139,101,322311DYA,139,3,4,12,2,24,1,0,0,,2021-11-06 0:00,2021-11-06 0:00
140,18,24,3,0,OPEN,LEV-22029,140,101,322311LY4,140,3,4,12,2,24,1,0,0,,2021-11-06 0:00,2021-11-06 0:00
141,18,24,3,0,OPEN,LEV-22035,141,101,322311LY4-1,141,3,4,12,2,24,1,0,0,,2021-11-06 0:00,2021-11-06 0:00
142,18,24,3,0,OPEN,LEV-22043,142,101,322311LY6,142,3,4,12,2,24,1,0,0,,2021-11-06 0:00,2021-11-06 0:00
143,18,24,3,0,OPEN,LEV-22026,143,101,322321DYH,143,3,4,12,2,31,1,0,0,,2021-11-06 0:00,2021-11-06 0:00
144,18,24,3,0,OPEN,LEV-22031,144,101,322321LY3,144,3,4,12,2,31,1,0,0,,2021-11-06 0:00,2021-11-06 0:00
145,18,24,3,0,OPEN,LEV-22030,145,101,322321LY4,145,3,4,12,2,31,1,0,0,,2021-11-06 0:00,2021-11-06 0:00
146,18,24,3,0,OPEN,LEV-22056,146,101,322411DY1,146,3,4,12,2,24,1,0,0,,2021-11-06 0:00,2021-11-06 0:00
147,18,24,3,0,OPEN,LEV-22050,147,101,322411HY2,147,3,4,12,2,24,1,0,0,,2021-11-06 0:00,2021-11-06 0:00
148,18,24,3,0,OPEN,LEV-22040,148,101,322411HY3,148,3,4,12,2,24,1,0,0,,2021-11-06 0:00,2021-11-06 0:00
149,18,24,3,0,OPEN,LEV-22049,149,101,322411LY1,149,3,4,12,2,24,1,0,0,,2021-11-06 0:00,2021-11-06 0:00
150,18,24,3,0,OPEN,LEV-22044,150,101,322421LY1,150,3,4,12,2,31,1,0,0,,2021-11-06 0:00,2021-11-06 0:00
151,18,24,3,0,OPEN,LEV-22048,151,101,322421LY5,151,3,4,12,2,31,1,0,0,,2021-11-06 0:00,2021-11-06 0:00
152,18,24,3,0,OPEN,LEV-22057,152,101,322425DY3,152,3,4,12,2,31,1,0,0,,2021-11-06 0:00,2021-11-06 0:00
153,18,24,3,0,OPEN,LEV-22053,153,101,322427EY3,153,3,4,12,2,35,1,0,0,,2021-11-06 0:00,2021-11-06 0:00
154,18,24,3,0,OPEN,LEV-22045,154,101,322511FY1,154,3,4,12,2,24,1,0,0,,2021-11-06 0:00,2021-11-06 0:00
155,18,24,3,0,OPEN,LEV-22046,155,101,322525FY2,155,3,4,12,2,31,1,0,0,,2021-11-06 0:00,2021-11-06 0:00
156,18,24,3,0,OPEN,LEV-22051,156,101,322525LY3,156,3,4,12,2,31,1,0,0,,2021-11-06 0:00,2021-11-06 0:00
157,18,24,3,0,OPEN,LEV-22055,157,101,322527LY3,157,3,4,12,2,35,1,0,0,,2021-11-06 0:00,2021-11-06 0:00
158,18,24,3,0,CLOSE,LEV-1024,158,101,421130AY2,158,3,3,2,2,10,1,0,0,,2021-11-06 0:00,2021-11-06 0:00
159,18,24,3,0,OPEN,LEV-1084,159,101,421721EZ7,159,4,3,2,2,31,1,0,0,,2021-11-06 0:00,2021-11-06 0:00
160,18,24,3,0,OPEN,LEV-1077,160,101,421939AY2,160,4,3,2,2,24,1,0,0,,2021-11-06 0:00,2021-11-06 0:00
161,18,24,3,0,OPEN,LEV-1088,161,101,421X30LY3,161,4,3,2,2,10,1,0,0,,2021-11-06 0:00,2021-11-06 0:00
162,18,24,3,0,OPEN,LEV-1098,162,101,451X30LQZ,162,4,3,2,2,10,1,0,0,,2021-11-06 0:00,2021-11-06 0:00
163,18,24,3,0,CLOSE,LPV-1001,163,108,617U,163,3,3,2,2,24,1,0,29,,2021-11-06 0:00,2021-11-06 0:00
164,18,24,3,0,CLOSE,LPV-1002,164,108,617UM,164,3,3,2,2,24,1,0,29,,2021-11-06 0:00,2021-11-06 0:00
165,18,24,3,0,CLOSE,LPV-1003,165,108,889T,165,3,3,2,2,29,1,0,29,,2021-11-06 0:00,2021-11-06 0:00
166,18,24,3,0,CLOSE,LPV-1005,166,108,923U (G01184),166,4,3,2,2,24,1,0,0,,2021-11-06 0:00,2021-11-06 0:00
167,18,24,3,0,CLOSE,LPV-1006,167,108,923U (G01456),167,4,3,2,2,24,1,0,0,,2021-11-06 0:00,2021-11-06 0:00
168,18,24,3,0,CLOSE,LPV-1007,168,108,942U,168,4,3,2,2,29,1,0,17,,2021-11-06 0:00,2021-11-06 0:00
169,18,24,3,0,CLOSE,LPV-1008,169,108,946U,169,4,3,2,2,29,1,0,17,,2021-11-06 0:00,2021-11-06 0:00
170,18,24,3,0,CLOSE,LPV-1004,170,108,960T,170,3,3,2,2,29,1,0,17,,2021-11-06 0:00,2021-11-06 0:00
171,18,24,3,0,CLOSE,LJV-1001,171,82,ADHJ-01,171,3,3,12,2,31,1,0,17,,2021-11-06 0:00,2021-11-06 0:00
172,18,24,3,0,OPEN,LJV-1002,172,82,ADHJ-02,172,4,3,12,2,31,1,0,15,,2021-11-06 0:00,2021-11-06 0:00
173,18,24,3,0,CLOSE,LFK-1001,173,83,LFK-1001,173,3,3,12,2,35,1,0,15,,2021-11-06 0:00,2021-11-06 0:00
174,18,24,3,0,CLOSE,LFK-1001-1,174,83,LFK-1001-1,174,3,3,12,2,35,1,0,15,,2021-11-06 0:00,2021-11-06 0:00
175,18,24,3,0,CLOSE,LFK-1001-2,175,83,LFK-1001-2,175,3,3,12,2,35,1,0,17,,2021-11-06 0:00,2021-11-06 0:00
176,18,24,3,0,CLOSE,LFK-1002,176,83,LFK-1002,176,3,3,12,1,48,1,0,0,,2021-11-06 0:00,2021-11-06 0:00
177,18,24,3,0,CLOSE,LFK-1003,177,83,LFK-1003,177,3,3,12,2,35,1,0,31,,2021-11-06 0:00,2021-11-06 0:00
178,18,24,3,0,CLOSE,LFK-1003-1,178,83,LFK-1003-1,178,3,3,12,2,35,1,0,31,,2021-11-06 0:00,2021-11-06 0:00
179,18,24,3,0,CLOSE,LFK-1004,179,83,LFK-1004,179,3,3,12,2,31,1,0,31,,2021-11-06 0:00,2021-11-06 0:00
180,18,24,3,0,CLOSE,LFK-1005,180,83,LFK-1005,180,3,3,12,1,48,1,0,17,,2021-11-06 0:00,2021-11-06 0:00
181,18,24,3,0,OPEN,LFK-1006,181,83,LFK-1006,181,4,3,12,1,48,1,0,16,,2021-11-06 0:00,2021-11-06 0:00
182,18,24,3,0,OPEN,LFK-1008,182,83,LFK-1008,182,4,3,12,2,10,1,0,16,,2021-11-06 0:00,2021-11-06 0:00
183,18,24,3,0,OPEN,LFK-1009,183,83,LFK-1009,183,4,3,12,2,31,1,0,31,,2021-11-06 0:00,2021-11-06 0:00
184,18,24,3,0,OPEN,LFK-1010,184,83,LFK-1010,184,4,3,12,1,48,1,0,15,,2021-11-06 0:00,2021-11-06 0:00
185,18,24,3,0,CLOSE,LFV-1001,185,83,LFV-1001,185,3,3,12,2,31,1,0,16,,2021-11-06 0:00,2021-11-06 0:00
186,18,24,3,0,OPEN,LZV-1001,186,111,LZV-1001,186,4,3,2,2,10,1,0,15,,2021-11-06 0:00,2021-11-06 0:00
187,18,24,3,0,OPEN,LZV-1002,187,111,LZV-1002,187,4,3,2,2,24,1,0,15,,2021-11-06 0:00,2021-11-06 0:00
188,18,24,3,0,OPEN,LZV-1003,188,111,LZV-1003,188,4,3,2,2,24,1,0,15,,2021-11-06 0:00,2021-11-06 0:00
189,18,24,3,0,OPEN,LZV-1004,189,111,LZV-1004,189,4,3,2,2,24,1,0,17,,2021-11-06 0:00,2021-11-06 0:00
190,18,24,3,0,OPEN,LZV-1005,190,111,LZV-1005,190,4,3,2,2,15,1,0,15,,2021-11-06 0:00,2021-11-06 0:00
191,18,24,3,0,OPEN,LZV-1006,191,111,LZV-1006,191,4,3,2,2,15,1,0,15,,2021-11-06 0:00,2021-11-06 0:00
192,18,24,3,0,OPEN,LZV-1007,192,111,LZV-1007,192,4,3,2,2,15,1,0,16,,2021-11-06 0:00,2021-11-06 0:00
193,18,24,3,0,OPEN,LZV-1008,193,111,LZV-1008,193,4,3,2,2,15,1,0,15,,2021-11-06 0:00,2021-11-06 0:00
194,18,24,3,0,OPEN,LNV-1001,194,109,NF-2001,194,3,3,12,1,21,1,0,16,,2021-11-06 0:00,2021-11-06 0:00
195,18,24,3,0,OPEN,LNV-1002,195,109,NF-2002,195,3,3,12,1,6,1,0,16,,2021-11-06 0:00,2021-11-06 0:00
196,18,24,3,0,OPEN,LNV-1002-1,196,109,NF-2002-1,196,4,3,12,1,6,1,0,17,,2021-11-06 0:00,2021-11-06 0:00
197,18,24,3,0,OPEN,LNV-1003,197,109,NF-2003,197,3,3,12,1,21,1,0,15,,2021-11-06 0:00,2021-11-06 0:00
198,18,24,3,0,OPEN,LNV-1004,198,109,NF-2004,198,3,3,12,1,35,1,0,15,,2021-11-06 0:00,2021-11-06 0:00
199,18,24,3,0,OPEN,LNV-1004-1,199,109,NF-2004-1,199,4,3,12,1,1,1,0,17,,2021-11-06 0:00,2021-11-06 0:00
200,18,24,3,0,OPEN,LNV-1005,200,109,NF-2005,200,3,3,12,1,46,1,0,15,,2021-11-06 0:00,2021-11-06 0:00
201,18,24,3,0,OPEN,LNV-1006,201,109,NF-2006,201,3,3,12,2,31,1,0,15,,2021-11-06 0:00,2021-11-06 0:00
202,18,24,3,0,OPEN,LNV-1007,202,109,NF-2007,202,3,3,12,1,3,1,0,17,,2021-11-06 0:00,2021-11-06 0:00
203,18,24,3,0,OPEN,LNV-1007-1,203,109,NF-2007-1,203,4,3,12,1,3,1,0,0,,2021-11-06 0:00,2021-11-06 0:00
204,18,24,3,0,OPEN,LNV-1008,204,109,NF-2008,204,3,3,12,2,16,1,0,0,,2021-11-06 0:00,2021-11-06 0:00
205,18,24,3,0,OPEN,LNV-1009,205,109,NF-2009,205,3,3,12,2,26,1,0,0,,2021-11-06 0:00,2021-11-06 0:00
206,18,24,3,0,OPEN,LNV-1010,206,109,NF-2010,206,3,3,12,2,46,1,0,0,,2021-11-06 0:00,2021-11-06 0:00
207,18,24,3,0,OPEN,LNV-1011,207,109,NF-2011,207,3,3,12,2,3,1,0,0,,2021-11-06 0:00,2021-11-06 0:00
208,18,24,3,0,OPEN,LNV-1012,208,109,NF-2012,208,3,3,12,2,3,1,0,0,,2021-11-06 0:00,2021-11-06 0:00
209,18,24,3,0,OPEN,LNV-1013,209,109,NF-2013,209,3,3,12,2,36,1,0,0,,2021-11-06 0:00,2021-11-06 0:00
210,18,24,3,0,OPEN,LNV-1014,210,109,NF-2014,210,3,3,12,1,9,1,0,0,,2021-11-06 0:00,2021-11-06 0:00
211,18,24,3,0,OPEN,LNV-1015,211,109,NF-2015,211,3,3,12,2,29,1,0,0,,2021-11-06 0:00,2021-11-06 0:00
212,18,24,3,0,OPEN,LNV-1016,212,109,NF-2101,212,4,3,12,1,9,1,0,0,,2021-11-06 0:00,2021-11-06 0:00
213,18,24,3,0,OPEN,LNV-1017,213,109,NF-2102,213,4,3,12,1,48,1,0,0,,2021-11-06 0:00,2021-11-06 0:00
214,18,24,3,0,OPEN,LNV-1018,214,109,NF-2103,214,4,3,12,1,47,1,0,0,,2021-11-06 0:00,2021-11-06 0:00
215,18,24,3,0,OPEN,LNV-1026,215,109,NF-2104,215,4,3,12,1,43,1,0,0,,2021-11-06 0:00,2021-11-06 0:00
216,18,24,3,0,OPEN,LNV-1027,216,109,NF-2105,216,4,3,12,1,43,1,0,0,,2021-11-06 0:00,2021-11-06 0:00
217,18,24,3,0,OPEN,LNV-1019,217,109,NF-2106,217,4,3,12,1,44,1,0,0,,2021-11-06 0:00,2021-11-06 0:00
218,18,24,3,0,OPEN,LNV-1020,218,109,NF-2107,218,4,4,12,1,17,1,0,0,,2021-11-06 0:00,2021-11-06 0:00
219,18,24,3,0,OPEN,LNV-1028,219,109,NF-2108,219,4,3,12,1,43,1,0,0,,2021-11-06 0:00,2021-11-06 0:00
220,18,24,3,0,OPEN,LNV-1021,220,109,NF-2109,220,4,4,12,1,10,1,0,0,,2021-11-06 0:00,2021-11-06 0:00
221,18,24,3,0,OPEN,LNV-1022,221,109,NF-2110,221,4,4,12,1,43,1,0,0,,2021-11-06 0:00,2021-11-06 0:00
222,18,24,3,0,OPEN,LNV-1023,222,109,NF-2111,222,4,4,12,1,24,1,0,0,,2021-11-06 0:00,2021-11-06 0:00
223,18,24,3,0,OPEN,LNV-1024,223,109,NF-2112,223,4,4,12,1,17,1,0,0,,2021-11-06 0:00,2021-11-06 0:00
224,18,24,3,0,OPEN,LNV-1025,224,109,NF-2113,224,4,4,12,1,31,1,0,0,,2021-11-06 0:00,2021-11-06 0:00
225,18,24,3,0,OPEN,LSV-1001,225,110,SN-2001,225,3,3,12,2,29,1,0,0,,2021-11-06 0:00,2021-11-06 0:00
226,18,24,3,0,OPEN,LSV-1002,226,110,SN-2002,226,3,3,12,2,31,1,0,0,,2021-11-06 0:00,2021-11-06 0:00
227,18,24,3,0,OPEN,LSV-1003,227,110,SN-2003,227,3,3,12,2,29,1,0,0,,2021-11-06 0:00,2021-11-06 0:00
228,18,24,3,0,OPEN,LSV-1004,228,110,SN-2004,228,3,3,12,2,31,1,0,0,,2021-11-06 0:00,2021-11-06 0:00
229,18,24,3,0,OPEN,LSV-1005,229,110,SN-2101,229,4,3,12,1,48,1,0,15,,2021-11-06 0:00,2021-11-06 0:00
230,18,24,3,0,OPEN,LSV-1006,230,110,SN-2102,230,4,3,12,1,31,1,0,0,,2021-11-06 0:00,2021-11-06 0:00
231,18,23,3,27,CLOSE,DHGI-2001T,231,98,344J2219-T,231,1,2,12,2,30,4,0,0,,2021-11-06 0:00,2021-11-06 0:00
232,18,23,3,27,CLOSE,DHGI-2002,232,97,244J1063,232,1,2,12,2,30,3,0,13,,2021-11-06 0:00,2021-11-06 0:00
233,18,23,3,27,CLOSE,DHGI-2003,233,98,344J2197,233,1,2,12,2,30,3,0,13,,2021-11-06 0:00,2021-11-06 0:00
234,18,23,3,27,CLOSE,DHGI-2004T,234,97,133S0131-T,234,1,2,12,2,45,4,0,0,,2021-11-06 0:00,2021-11-06 0:00
235,18,23,3,27,CLOSE,DHGI-2005T,235,97,133S0132-T,235,1,2,12,2,45,4,0,0,,2021-11-06 0:00,2021-11-06 0:00
236,18,23,3,27,CLOSE,DHGI-2006,236,97,133S0133,236,1,2,12,2,45,3,0,0,,2021-11-06 0:00,2021-11-06 0:00
237,18,23,3,27,CLOSE,DHGI-2006T,237,97,133S0133-T,237,1,2,12,2,45,4,0,0,,2021-11-06 0:00,2021-11-06 0:00
238,18,23,3,27,CLOSE,DHGI-2007T,238,97,133S0136-T,238,1,2,12,2,45,4,0,0,,2021-11-06 0:00,2021-11-06 0:00
239,18,23,3,27,CLOSE,DHGI-2008T,239,97,133S0139,239,1,2,12,2,45,4,0,0,,2021-11-06 0:00,2021-11-06 0:00
240,18,23,3,27,CLOSE,DHGI-2009,240,98,344J2198,240,1,2,12,2,30,3,0,13,,2021-11-06 0:00,2021-11-06 0:00
241,18,23,3,27,CLOSE,DHGI-2010,241,97,133S0131,241,1,2,12,2,45,3,0,0,,2021-11-06 0:00,2021-11-06 0:00
242,18,23,3,27,CLOSE,DHGI-2011,242,97,133S0132,242,1,2,12,2,45,3,0,0,,2021-11-06 0:00,2021-11-06 0:00
243,18,23,3,27,CLOSE,DHGI-2012,243,97,133S0136,243,1,2,12,2,45,3,0,0,,2021-11-06 0:00,2021-11-06 0:00
244,18,23,3,27,CLOSE,DHGI-2013,244,97,133S0137,244,1,2,12,2,45,3,0,0,,2021-11-06 0:00,2021-11-06 0:00
245,18,23,3,27,CLOSE,DHGI-2014,245,97,133S0142,245,1,2,12,2,45,3,0,0,,2021-11-06 0:00,2021-11-06 0:00
246,18,23,3,27,CLOSE,DHGI-2015,246,97,133S0143,246,1,2,2,2,45,3,0,0,,2021-11-06 0:00,2021-11-06 0:00
247,18,23,3,27,CLOSE,DHGI-2016,247,97,133S0134,247,1,2,2,2,45,3,0,0,,2021-11-06 0:00,2021-11-06 0:00
248,18,23,3,27,CLOSE,DHGI-2017,248,97,133S0144,248,1,2,2,2,45,3,0,0,,2021-11-06 0:00,2021-11-06 0:00
249,18,23,3,27,CLOSE,DHGI-2018,249,97,244J1063R,249,5,2,4,2,30,3,0,13,,2021-11-06 0:00,2021-11-06 0:00
250,18,23,3,27,CLOSE,DHGI-2019,250,97,244J1080,250,5,2,12,2,30,3,0,13,,2021-11-06 0:00,2021-11-06 0:00
251,18,23,3,27,CLOSE,DHGI-2020T,251,97,144J0400,251,2,2,12,2,30,4,0,13,,2021-11-06 0:00,2021-11-06 0:00
252,18,23,3,27,OPEN,DHGI-2021,252,98,344J2272,252,2,2,12,2,30,3,0,13,,2021-11-06 0:00,2021-11-06 0:00
253,18,23,3,27,OPEN,DHGI-2022,253,98,344J2285,253,2,2,12,2,30,3,0,13,,2021-11-06 0:00,2021-11-06 0:00
254,18,23,3,27,OPEN,DHGI-2022T,254,98,344J2285-T,254,2,2,12,2,30,4,0,13,,2021-11-06 0:00,2021-11-06 0:00
255,18,23,3,27,OPEN,DHGI-2023,255,97,244J1082,255,2,2,4,2,30,3,0,13,,2021-11-06 0:00,2021-11-06 0:00
256,18,23,3,27,OPEN,DHGI-2023T,256,97,244J1082-T,256,2,2,4,2,30,4,0,13,,2021-11-06 0:00,2021-11-06 0:00
257,18,23,3,27,OPEN,DHGI-2024,257,98,344J2273,257,2,2,12,2,30,3,0,12,,2021-11-06 0:00,2021-11-06 0:00
258,18,23,3,27,CLOSE,DHGI-2025,258,97,144J0398,258,6,2,12,2,30,3,0,13,,2021-11-06 0:00,2021-11-06 0:00
259,18,23,3,27,OPEN,DHGI-2026,259,98,344J2274,259,2,2,12,2,30,3,0,13,,2021-11-06 0:00,2021-11-06 0:00
260,18,23,3,27,OPEN,DHGI-2027,260,98,344J2298,260,2,2,12,2,30,3,0,13,,2021-11-06 0:00,2021-11-06 0:00
261,18,23,3,27,OPEN,DHGI-2028,261,98,344J2279,261,2,2,12,2,30,3,0,13,,2021-11-06 0:00,2021-11-06 0:00
262,18,23,3,27,CLOSE,DHGI-2029,262,98,187J0010,262,2,2,12,2,30,3,0,13,,2021-11-06 0:00,2021-11-06 0:00
263,18,23,3,27,CLOSE,DHGI-2052,263,97,128T0091,263,1,2,2,2,6,3,0,0,,2021-11-06 0:00,2021-11-06 0:00
264,18,23,3,27,CLOSE,DHGI-2053,264,97,130P0155,264,1,2,2,2,6,3,0,0,,2021-11-06 0:00,2021-11-06 0:00
265,18,23,3,27,CLOSE,DHGI-2054,265,112,506940,265,1,2,2,2,45,3,0,0,,2021-11-06 0:00,2021-11-06 0:00
266,18,23,3,27,CLOSE,DHGI-2055,266,112,517199,266,1,2,2,2,45,3,0,0,,2021-11-06 0:00,2021-11-06 0:00
267,18,23,3,27,CLOSE,DHGI-2056,267,98,332J2225,267,1,2,2,2,30,3,0,0,,2021-11-06 0:00,2021-11-06 0:00
268,18,23,3,27,CLOSE,DHGI-2057,268,98,332J2231,268,1,2,2,2,30,3,0,0,,2021-11-06 0:00,2021-11-06 0:00
269,18,23,3,27,CLOSE,DHGI-2058,269,97,228T1043,269,1,2,3,2,6,4,0,13,,2021-11-06 0:00,2021-11-06 0:00
270,18,23,3,27,CLOSE,DHGI-2059,270,97,232J1079,270,1,2,2,2,30,3,0,0,,2021-11-06 0:00,2021-11-06 0:00
271,18,23,3,27,CLOSE,DHGI-2060,271,97,132J0204,271,1,2,2,2,30,3,0,0,,2021-11-06 0:00,2021-11-06 0:00
272,18,23,3,27,CLOSE,DHGI-2061,272,97,130P0170,272,1,2,2,2,6,3,0,0,,2021-11-06 0:00,2021-11-06 0:00
273,18,23,3,27,CLOSE,DHGI-2062,273,98,332J2230,273,1,2,2,2,30,3,0,0,,2021-11-06 0:00,2021-11-06 0:00
274,18,23,3,27,CLOSE,DHGI-2063,274,98,332J2227,274,1,2,2,2,30,3,0,0,,2021-11-06 0:00,2021-11-06 0:00
275,18,23,3,27,CLOSE,DHGI-2064,275,106,7045,275,1,2,3,2,45,3,0,9,,2021-11-06 0:00,2021-11-06 0:00
276,18,23,3,27,CLOSE,DHGI-2065,276,106,10023/10024,276,1,2,2,2,45,3,0,9,,2021-11-06 0:00,2021-11-06 0:00
277,18,23,3,27,CLOSE,DHGI-2066,277,98,332J2246,277,1,2,2,2,30,3,0,0,,2021-11-06 0:00,2021-11-06 0:00
278,18,23,3,27,CLOSE,DHGI-2067,278,98,332J2261,278,1,2,2,2,30,3,0,0,,2021-11-06 0:00,2021-11-06 0:00
279,18,23,3,27,CLOSE,DHGI-2068,279,98,332J2262,279,2,2,2,2,30,3,0,14,,2021-11-06 0:00,2021-11-06 0:00
280,18,23,3,27,CLOSE,DHGI-2068T,280,98,332J2262-T,280,1,2,2,2,30,4,0,0,,2021-11-06 0:00,2021-11-06 0:00
281,18,23,3,27,CLOSE,DHGI-2069,281,98,332J2263,281,5,2,2,2,30,2,0,14,,2021-11-06 0:00,2021-11-06 0:00
282,18,23,3,27,CLOSE,DHGI-2069T,282,98,332J2263-T,282,1,2,2,2,30,4,0,0,,2021-11-06 0:00,2021-11-06 0:00
283,18,23,3,27,CLOSE,DHGI-2070,283,97,132J0245,283,5,2,2,2,30,3,0,14,,2021-11-06 0:00,2021-11-06 0:00
284,18,23,3,27,CLOSE,DHGI-2071,284,97,228T1043-1,284,1,2,3,2,6,3,0,13,,2021-11-06 0:00,2021-11-06 0:00
285,18,23,3,27,CLOSE,DHGI-2073,285,97,132J0288,285,5,2,2,2,30,4,0,14,,2021-11-06 0:00,2021-11-06 0:00
286,18,23,3,27,OPEN,DHGI-2074,286,97,332J2271,286,2,2,2,2,30,3,0,13,,2021-11-06 0:00,2021-11-06 0:00
287,18,23,3,27,OPEN,DHGI-2074T,287,97,332J2271-T,287,2,2,2,2,30,4,0,13,,2021-11-06 0:00,2021-11-06 0:00
288,18,23,3,27,OPEN,DHGI-2075,288,97,332J2278,288,2,2,2,2,30,3,0,13,,2021-11-06 0:00,2021-11-06 0:00
289,18,23,3,27,CLOSE,DHGI-2075T,289,97,332J2278-T,289,2,2,2,2,30,4,0,13,,2021-11-06 0:00,2021-11-06 0:00
290,18,23,3,27,OPEN,DHGI-2076,290,97,332J2272,290,2,2,2,2,30,3,0,13,,2021-11-06 0:00,2021-11-06 0:00
291,18,23,3,27,OPEN,DHGI-2076T,291,97,332J2272-T,291,2,2,2,2,30,4,0,13,,2021-11-06 0:00,2021-11-06 0:00
292,18,23,3,27,OPEN,DHGI-2077,292,98,332J2295,292,2,2,2,2,30,3,0,13,,2021-11-06 0:00,2021-11-06 0:00
293,18,23,3,27,CLOSE,DHGI-2077T,293,98,332J2295-T,293,2,2,2,2,30,4,0,13,,2021-11-06 0:00,2021-11-06 0:00
294,18,23,3,27,OPEN,DHGI-2078,294,98,332J2277,294,2,2,2,2,30,3,0,13,,2021-11-06 0:00,2021-11-06 0:00
295,18,23,3,27,CLOSE,DHGI-2078T,295,98,332J2277-T,295,2,2,2,2,30,4,0,13,,2021-11-06 0:00,2021-11-06 0:00
296,18,23,3,27,CLOSE,DHGI-2079T,296,98,332J2297,296,2,2,2,2,30,4,0,13,,2021-11-06 0:00,2021-11-06 0:00
297,18,23,3,27,OPEN,DHGI-2080,297,97,232J1093,297,2,2,3,2,30,3,0,14,,2021-11-06 0:00,2021-11-06 0:00
298,18,23,3,27,CLOSE,DHGI-2081,298,97,232J1095,298,2,2,3,2,30,3,0,14,,2021-11-06 0:00,2021-11-06 0:00
299,18,23,3,27,CLOSE,DHGI-2082,299,98,332J2308,299,2,2,2,2,30,3,0,13,,2021-11-06 0:00,2021-11-06 0:00
300,18,23,3,27,CLOSE,DHGI-2083,300,97,332J2280,300,2,2,2,2,30,3,0,13,,2021-11-06 0:00,2021-11-06 0:00
301,18,23,3,27,CLOSE,DHGI-2084,301,97,232J1112,301,2,2,3,2,30,3,0,13,,2021-11-06 0:00,2021-11-06 0:00
302,18,23,3,27,CLOSE,DHGI-2085,302,97,177J0012,302,2,2,2,2,30,3,0,14,,2021-11-06 0:00,2021-11-06 0:00
303,18,23,3,27,CLOSE,DHGI-2086,303,97,177J0015,303,2,2,2,2,30,3,0,13,,2021-11-06 0:00,2021-11-06 0:00
304,18,23,3,27,CLOSE,DHGI-2087,304,97,332J2282,304,2,2,2,2,30,3,0,13,,2021-11-06 0:00,2021-11-06 0:00
305,18,23,3,27,OPEN,DHGI-2088,305,97,332J2307,305,6,2,2,2,30,3,0,13,,2021-11-06 0:00,2021-11-06 0:00
306,18,23,3,27,OPEN,DHGI-2089,306,97,132J0329,306,4,2,2,2,30,3,0,14,,2021-11-06 0:00,2021-11-06 0:00
307,18,23,3,27,OPEN,DHGI-2090,307,98,332J2334,307,1,3,2,2,30,3,0,13,,2021-11-06 0:00,2021-11-06 0:00
308,18,23,3,27,CLOSE,DHGI-2091,308,98,332J2337,308,1,3,2,2,30,3,0,13,,2021-11-06 0:00,2021-11-06 0:00
309,18,23,3,27,OPEN,DHGI-2092,309,98,332J2325,309,1,3,2,2,30,3,0,13,,2021-11-06 0:00,2021-11-06 0:00
310,18,23,3,27,OPEN,DHGI-2102,310,112,521530,310,1,3,2,2,45,3,0,12,,2021-11-06 0:00,2021-11-06 0:00
311,18,23,3,27,OPEN,DHGI-2103,311,112,521782,311,1,3,2,2,45,3,0,12,,2021-11-06 0:00,2021-11-06 0:00
312,18,23,3,27,OPEN,DHGI-2104,312,112,521725,312,1,3,2,2,45,3,0,12,,2021-11-06 0:00,2021-11-06 0:00
313,18,23,3,27,OPEN,DHGI-2105,313,112,517199-1,313,1,3,2,2,45,3,0,12,,2021-11-06 0:00,2021-11-06 0:00
314,18,23,3,27,OPEN,DHGI-2106,314,112,522199,314,1,3,2,2,45,3,0,12,,2021-11-06 0:00,2021-11-06 0:00
315,18,23,3,27,OPEN,DHGI-2107,315,112,522200,315,1,3,2,2,45,3,0,12,,2021-11-06 0:00,2021-11-06 0:00
316,18,23,3,27,OPEN,DHGI-2108,316,112,522213,316,1,3,2,2,45,3,0,12,,2021-11-06 0:00,2021-11-06 0:00
317,18,23,3,27,OPEN,DHGI-2109,317,112,522205,317,1,3,2,2,45,3,0,12,,2021-11-06 0:00,2021-11-06 0:00
318,18,23,3,27,OPEN,DHGI-2110,318,112,522214,318,1,3,2,2,45,3,0,12,,2021-11-06 0:00,2021-11-06 0:00
319,18,23,3,27,OPEN,DHGI-2111,319,112,522215,319,1,3,2,2,45,3,0,12,,2021-11-06 0:00,2021-11-06 0:00
320,18,23,3,27,CLOSE,DHGI-2112,320,98,344J2308,320,1,3,12,2,30,3,0,13,,2021-11-06 0:00,2021-11-06 0:00
321,18,23,3,27,OPEN,DHGI-2113,321,97,133S0146,321,1,3,2,2,45,3,0,14,,2021-11-06 0:00,2021-11-06 0:00
322,18,23,3,27,OPEN,DHGI-2113T,322,97,133S0146-T,322,1,3,2,2,45,4,0,14,,2021-11-06 0:00,2021-11-06 0:00
323,18,23,3,27,OPEN,DHGI-2114,323,97,133S0148,323,1,3,2,2,45,3,0,14,,2021-11-06 0:00,2021-11-06 0:00
324,18,23,3,27,OPEN,DHGI-2114T,324,97,133S0148-T,324,1,3,2,2,45,4,0,14,,2021-11-06 0:00,2021-11-06 0:00
325,18,23,3,27,OPEN,DHGI-2115,325,97,133S0149,325,1,3,2,2,45,3,0,14,,2021-11-06 0:00,2021-11-06 0:00
326,18,23,3,27,OPEN,DHGI-2115T,326,97,133S0149-T,326,1,3,2,2,45,4,0,14,,2021-11-06 0:00,2021-11-06 0:00
327,18,23,3,27,OPEN,DHGI-2116,327,97,133S0150,327,1,3,2,2,45,3,0,14,,2021-11-06 0:00,2021-11-06 0:00
328,18,23,3,27,OPEN,DHGI-2116T,328,97,133S0150-T,328,1,3,2,2,45,4,0,14,,2021-11-06 0:00,2021-11-06 0:00
329,18,23,3,27,OPEN,DHGI-2117,329,97,133S0151,329,1,3,2,2,45,3,0,14,,2021-11-06 0:00,2021-11-06 0:00
330,18,23,3,27,OPEN,DHGI-2117T,330,97,133S0151-T,330,1,3,2,2,45,4,0,14,,2021-11-06 0:00,2021-11-06 0:00
331,18,23,3,27,OPEN,DHGI-2118,331,97,133S0153,331,1,3,2,2,45,3,0,14,,2021-11-06 0:00,2021-11-06 0:00
332,18,23,3,27,OPEN,DHGI-2118T,332,97,133S0153-T,332,1,3,2,2,45,4,0,14,,2021-11-06 0:00,2021-11-06 0:00
333,18,23,3,27,OPEN,DHGI-2119T,333,97,133S0154,333,3,3,2,2,45,4,0,14,,2021-11-06 0:00,2021-11-06 0:00
334,18,23,3,27,CLOSE,DHGI-2120,334,98,332J2335,334,1,3,2,2,30,3,0,13,,2021-11-06 0:00,2021-11-06 0:00
335,18,23,3,27,OPEN,DHGI-2121,335,98,332J2321,335,1,3,2,2,30,3,0,13,,2021-11-06 0:00,2021-11-06 0:00
336,18,23,3,27,CLOSE,DHGI-2122,336,98,332J2328,336,1,3,2,2,30,3,0,13,,2021-11-06 0:00,2021-11-06 0:00
337,18,23,3,27,OPEN,DHGI-2123,337,106,16438,337,1,3,3,2,45,3,0,12,,2021-11-06 0:00,2021-11-06 0:00
338,18,23,3,27,OPEN,DHGI-2124,338,98,332J2330,338,1,3,2,2,30,3,0,13,,2021-11-06 0:00,2021-11-06 0:00
339,18,23,3,27,OPEN,DHGI-2125,339,98,332J2355,339,3,3,2,2,30,3,0,13,,2021-11-06 0:00,2021-11-06 0:00
340,18,23,3,27,OPEN,DHGI-2126,340,98,332J2334B,340,3,3,2,2,30,3,0,13,,2021-11-06 0:00,2021-11-06 0:00
341,18,23,3,27,OPEN,DHGI-2127,341,98,344J2322,341,3,3,12,2,30,3,0,13,,2021-11-06 0:00,2021-11-06 0:00
342,18,23,3,27,OPEN,DHGI-2128,342,98,332J2351,342,3,3,2,2,30,3,0,13,,2021-11-06 0:00,2021-11-06 0:00
343,18,23,3,27,OPEN,DHGI-2129,343,97,133S0155,343,1,3,2,2,45,3,0,14,,2021-11-06 0:00,2021-11-06 0:00
344,18,23,3,27,OPEN,DHGI-2131,344,97,132J0384,344,6,3,2,2,30,3,0,14,,2021-11-06 0:00,2021-11-06 0:00
345,18,23,3,27,OPEN,DHGI-2131T,345,97,132J0384-T,345,6,3,2,2,30,4,0,13,,2021-11-06 0:00,2021-11-06 0:00
346,18,23,3,27,OPEN,DHGI-2132T,346,97,132J0388,346,6,3,2,2,30,4,0,13,,2021-11-06 0:00,2021-11-06 0:00
347,18,23,3,27,OPEN,DHGI-2133,347,98,332J2362,347,5,3,2,2,30,3,0,13,,2021-11-06 0:00,2021-11-06 0:00
348,18,23,3,27,OPEN,DHGI-2133T,348,98,332J2362-T,348,5,3,2,2,30,4,0,13,,2021-11-06 0:00,2021-11-06 0:00
349,18,23,3,27,OPEN,DHGI-2134,349,98,332J2369,349,5,3,2,2,30,3,0,0,,2021-11-06 0:00,2021-11-06 0:00
350,18,23,3,27,OPEN,DHGI-2134T,350,98,332J2369-T,350,5,3,2,2,30,4,0,13,,2021-11-06 0:00,2021-11-06 0:00
351,18,23,3,27,OPEN,DHGI-2135,351,98,344J2362,351,3,3,12,2,30,3,0,13,,2021-11-06 0:00,2021-11-06 0:00
352,18,23,3,27,OPEN,DHGI-2136,352,97,177J0022,352,5,3,2,2,30,3,0,13,,2021-11-06 0:00,2021-11-06 0:00
353,18,23,3,27,OPEN,DHGI-2137,353,97,177J0023,353,5,3,2,2,30,3,0,13,,2021-11-06 0:00,2021-11-06 0:00
354,18,23,3,27,OPEN,DHGI-2138,354,98,332J2368,354,5,3,2,2,30,3,0,13,,2021-11-06 0:00,2021-11-06 0:00
355,18,23,3,27,OPEN,DHGI-2139,355,97,132J0417,355,6,3,2,2,30,3,0,13,,2021-11-06 0:00,2021-11-06 0:00
356,18,23,3,27,OPEN,DHGI-2140,356,97,133S0156,356,1,3,2,2,45,3,0,14,,2021-11-06 0:00,2021-11-06 0:00
357,18,23,3,27,OPEN,DHGI-2141,357,98,332J2397,357,4,3,2,2,30,3,0,13,,2021-11-06 0:00,2021-11-06 0:00
358,18,23,3,27,OPEN,DHGI-2141T,358,98,332J2397-T,358,4,3,2,2,30,4,0,13,,2021-11-06 0:00,2021-11-06 0:00
359,18,23,3,27,OPEN,DHGI-2142,359,98,332J2399,359,4,3,2,2,30,3,0,13,,2021-11-06 0:00,2021-11-06 0:00
360,18,23,3,27,OPEN,DHGI-2142T,360,98,332J2399-T,360,4,3,2,2,30,4,0,13,,2021-11-06 0:00,2021-11-06 0:00
361,18,23,3,27,OPEN,DHGI-2143,361,98,332J2400,361,4,3,2,2,30,3,0,13,,2021-11-06 0:00,2021-11-06 0:00
362,18,23,3,27,OPEN,DHGI-2143T,362,98,332J2400-T,362,4,3,2,2,30,4,0,13,,2021-11-06 0:00,2021-11-06 0:00
363,18,23,3,27,OPEN,DHGI-2144,363,98,332J2411,363,4,3,2,2,30,3,0,14,,2021-11-06 0:00,2021-11-06 0:00
364,18,23,3,27,OPEN,DHGI-2144T,364,98,332J2411-T,364,4,3,2,2,30,4,0,14,,2021-11-06 0:00,2021-11-06 0:00
365,18,23,3,27,OPEN,DHGI-2145,365,98,332J2422,365,4,3,2,2,30,3,0,14,,2021-11-06 0:00,2021-11-06 0:00
366,18,23,3,27,OPEN,DHGI-2145T,366,98,332J2422-T,366,4,3,2,2,30,4,0,14,,2021-11-06 0:00,2021-11-06 0:00
367,18,23,3,27,OPEN,DHGI-2146,367,97,132J0431,367,4,3,2,2,30,3,0,14,,2021-11-06 0:00,2021-11-06 0:00
368,18,23,3,27,OPEN,DHGI-2146T,368,97,132J0431-T,368,4,3,2,2,30,4,0,14,,2021-11-06 0:00,2021-11-06 0:00
369,18,23,3,27,OPEN,DHGI-2147,369,98,344J2342,369,4,3,12,2,30,3,0,13,,2021-11-06 0:00,2021-11-06 0:00
370,18,23,3,27,OPEN,DHGI-2147T,370,98,344J2342-T,370,4,3,12,2,30,4,0,13,,2021-11-06 0:00,2021-11-06 0:00
371,18,23,3,27,OPEN,DHGI-2148,371,98,344J2352,371,4,3,12,2,30,3,0,13,,2021-11-06 0:00,2021-11-06 0:00
372,18,23,3,27,OPEN,DHGI-2148T,372,98,344J2352-T,372,4,3,12,2,30,4,0,13,,2021-11-06 0:00,2021-11-06 0:00
373,18,23,3,27,OPEN,DHGI-2149,373,112,506896,373,3,3,2,2,45,3,0,12,,2021-11-06 0:00,2021-11-06 0:00
374,18,23,3,27,OPEN,DHGI-2150,374,97,144J0556,374,4,3,12,2,30,3,0,13,,2021-11-06 0:00,2021-11-06 0:00
375,18,23,3,27,OPEN,DHGI-2150T,375,97,144J0556-T,375,4,3,12,2,30,4,0,13,,2021-11-06 0:00,2021-11-06 0:00
376,18,23,3,27,OPEN,DHGI-2151,376,98,332J2402,376,4,3,2,2,30,3,0,13,,2021-11-06 0:00,2021-11-06 0:00
377,18,23,3,27,OPEN,DHGI-2152,377,98,332J2337-1,377,5,3,2,2,30,3,0,13,,2021-11-06 0:00,2021-11-06 0:00
378,18,23,3,27,OPEN,DHGI-2153,378,97,244J1111,378,4,3,4,2,30,3,0,13,,2021-11-06 0:00,2021-11-06 0:00
379,18,23,3,27,OPEN,DHGI-2154,379,97,244J1116,379,4,3,4,2,30,3,0,13,,2021-11-06 0:00,2021-11-06 0:00
380,18,23,3,27,OPEN,DHGI-2155,380,97,232J1128,380,4,3,4,2,30,3,0,13,,2021-11-06 0:00,2021-11-06 0:00
381,18,23,3,27,OPEN,DHGI-2156,381,98,344J2356,381,4,3,12,2,30,3,0,13,,2021-11-06 0:00,2021-11-06 0:00
382,18,23,3,27,OPEN,DHGI-2157,382,97,133S0157,382,3,3,2,2,45,3,0,13,,2021-11-06 0:00,2021-11-06 0:00
383,18,23,3,27,OPEN,DHGI-2158,383,98,344J2367,383,4,3,12,2,30,3,0,13,,2021-11-06 0:00,2021-11-06 0:00
384,18,23,3,27,OPEN,DHGI-2159,384,98,332J2404,384,4,3,2,2,30,3,0,13,,2021-11-06 0:00,2021-11-06 0:00
385,18,23,3,27,OPEN,DHGI-2160,385,98,344J2403,385,1,4,12,2,30,3,0,13,,2021-11-06 0:00,2021-11-06 0:00
386,18,23,3,27,OPEN,DHGI-2160T,386,98,344J2403-T,386,3,4,12,2,30,4,0,13,,2021-11-06 0:00,2021-11-06 0:00
387,18,23,3,27,OPEN,DHGI-2161T,387,98,332J2443,387,3,4,2,2,30,4,0,13,,2021-11-06 0:00,2021-11-06 0:00
388,18,23,3,27,OPEN,DHGI-2162,388,97,133S0158,388,1,4,2,2,45,3,0,13,,2021-11-06 0:00,2021-11-06 0:00
389,18,23,3,27,OPEN,DHGI-2162T,389,97,133S0158-T,389,1,4,2,2,45,4,0,13,,2021-11-06 0:00,2021-11-06 0:00
390,18,23,3,27,OPEN,DHGI-2163T,390,97,133S0161,390,1,4,2,2,45,4,0,13,,2021-11-06 0:00,2021-11-06 0:00
391,18,23,3,27,OPEN,DHGI-2164,391,97,133S0163,391,1,4,2,2,45,3,0,13,,2021-11-06 0:00,2021-11-06 0:00
392,18,23,3,27,OPEN,DHGI-2164T,392,97,133S0163-T,392,1,4,2,2,45,4,0,13,,2021-11-06 0:00,2021-11-06 0:00
393,18,23,3,27,OPEN,DHGI-2165,393,97,133S0164,393,1,4,2,2,45,3,0,13,,2021-11-06 0:00,2021-11-06 0:00
394,18,23,3,27,OPEN,DHGI-2165T,394,97,133S0164-T,394,1,4,2,2,45,4,0,13,,2021-11-06 0:00,2021-11-06 0:00
395,18,23,3,27,OPEN,DHGI-2166T,395,97,133S0169,395,1,4,2,2,45,4,0,13,,2021-11-06 0:00,2021-11-06 0:00
396,18,23,3,27,OPEN,DHGI-2167,396,97,133S0170,396,1,4,2,2,45,4,0,0,,2021-11-06 0:00,2021-11-06 0:00
397,18,23,3,27,OPEN,DHGI-2167T,397,97,133S0170-T,397,1,4,2,2,45,4,0,13,,2021-11-06 0:00,2021-11-06 0:00
398,18,23,3,27,OPEN,DHGI-2168,398,97,132J0456,398,6,3,2,2,30,3,0,13,,2021-11-06 0:00,2021-11-06 0:00
399,18,23,3,27,OPEN,DHGI-2169,399,112,MR1305,399,1,4,2,2,45,3,3,12,MR1305,2021-11-06 0:00,2021-11-08 0:00
400,18,23,3,27,OPEN,DHGI-2170,400,112,521725,400,1,4,2,2,45,3,3,12,M BOARD SHORT,2021-11-06 0:00,2021-11-08 0:00
401,18,23,3,27,OPEN,DHGI-2171,401,112,506896,401,1,4,2,2,45,3,3,12,M 8 VOLLEY,2021-11-06 0:00,2021-11-08 0:00
402,18,23,3,27,OPEN,DHGI-2172,402,112,506898,402,1,4,2,2,45,3,3,12,M 6 VOLLEY,2021-11-06 0:00,2021-11-08 0:00
403,18,23,3,27,OPEN,DHGI-2173,403,112,521530,403,1,4,2,2,45,3,3,12,M SUNSET,2021-11-06 0:00,2021-11-08 0:00
404,18,23,3,27,OPEN,DHGI-2174,404,112,528383,404,1,4,2,2,45,3,3,12,M QUICK DRY,2021-11-06 0:00,2021-11-08 0:00
405,18,23,3,27,OPEN,DHGI-2175,405,112,528395,405,1,4,2,2,45,3,3,12,M SPORTSHORT,2021-11-06 0:00,2021-11-08 0:00
406,18,23,3,27,OPEN,DHGI-2176,406,112,522213,406,1,4,3,2,45,3,3,12,B SOLID TRUNK,2021-11-06 0:00,2021-11-08 0:00
407,18,23,3,27,OPEN,DHGI-2177,407,112,522199,407,1,4,3,2,45,3,3,12,B PRINT TRUNK,2021-11-06 0:00,2021-11-08 0:00
408,18,23,3,27,OPEN,DHGI-2178,408,112,528197,408,1,4,3,2,45,3,3,12,B COLOR BLOCK,2021-11-06 0:00,2021-11-08 0:00
409,18,23,3,27,OPEN,DHGI-2179,409,112,522205,409,1,4,3,2,45,3,3,12,B CARGO TRUNK,2021-11-06 0:00,2021-11-08 0:00
410,18,23,3,27,OPEN,DHGI-2180,410,112,528478,410,1,4,3,2,45,3,3,12,B ACTIVE,2021-11-06 0:00,2021-11-08 0:00
411,18,23,3,27,OPEN,DHGI-2181,411,112,529701,411,1,4,12,2,45,3,3,12,W SPORT SHORT,2021-11-06 0:00,2021-11-08 0:00
412,18,23,3,27,OPEN,DHGI-2182,412,98,344J2394,412,1,4,12,2,30,3,0,12,,2021-11-06 0:00,2021-11-06 0:00
413,18,23,3,27,OPEN,DHGI-2183,413,98,332J2452,413,1,4,2,2,30,3,0,12,,2021-11-06 0:00,2021-11-06 0:00
414,18,23,3,27,OPEN,DHGI-2184,414,98,332J2449,414,1,4,2,2,30,3,0,12,,2021-11-06 0:00,2021-11-06 0:00
415,18,23,3,27,OPEN,DHGI-2185,415,98,332J2451,415,1,4,2,2,30,3,0,12,,2021-11-06 0:00,2021-11-06 0:00
416,18,23,3,27,OPEN,DHGI-2186,416,98,332J2381,416,1,4,2,2,30,3,0,14,,2021-11-06 0:00,2021-11-06 0:00
417,18,23,3,27,OPEN,DHGI-2187,417,97,133S0168,417,1,4,2,2,45,3,0,0,,2021-11-06 0:00,2021-11-06 0:00
418,18,23,3,27,OPEN,DHGI-2188,418,97,133S0172,418,1,4,2,2,45,3,0,0,,2021-11-06 0:00,2021-11-06 0:00
419,18,23,3,27,OPEN,DHGI-2189,419,97,133S0165,419,1,4,2,2,45,3,0,0,,2021-11-06 0:00,2021-11-06 0:00
420,18,23,3,27,OPEN,DHGI-2189T,420,97,133S0165-T,420,1,4,2,2,45,3,0,0,,2021-11-06 0:00,2021-11-06 0:00
421,18,23,3,27,OPEN,DHGI-2190,421,97,133S0175,421,1,4,2,2,45,3,0,13,,2021-11-06 0:00,2021-11-06 0:00
422,18,23,3,27,OPEN,DHGI-2190T,422,97,133S0175-T,422,1,4,2,2,45,3,0,0,,2021-11-06 0:00,2021-11-06 0:00
423,18,23,3,27,OPEN,DHGI-2191,423,97,133S0178,423,1,4,2,2,45,3,0,0,,2021-11-06 0:00,2021-11-06 0:00
424,18,23,3,27,OPEN,DHGI-2191T,424,97,133S0178-T,424,1,4,2,2,45,3,0,0,,2021-11-06 0:00,2021-11-06 0:00
425,18,23,3,27,OPEN,DHGI-2192,425,112,WOVEN HOODED JACKET,425,3,4,12,2,45,3,0,0,,2021-11-06 0:00,2021-11-06 0:00
426,18,23,3,27,OPEN,DHGI-2193,426,98,344J2426,426,3,4,12,2,30,3,0,13,,2021-11-06 0:00,2021-11-06 0:00
427,18,23,3,27,OPEN,DHGI-2194T,427,97,133S0184,427,1,4,2,2,45,3,0,0,,2021-11-06 0:00,2021-11-06 0:00
428,18,23,3,27,OPEN,DHGI-2195,428,97,133S0185,428,1,4,2,2,45,3,0,0,,2021-11-06 0:00,2021-11-06 0:00
429,18,23,3,27,OPEN,DHGI-2195T,429,97,133S0185-T,429,1,4,2,2,45,3,0,0,,2021-11-06 0:00,2021-11-06 0:00
430,18,23,3,27,OPEN,DHGI-2196,430,98,332J2467,430,3,4,2,2,30,3,0,13,,2021-11-06 0:00,2021-11-06 0:00
431,18,23,3,27,OPEN,DHGI-2197,431,98,332J2464,431,3,4,2,2,30,3,0,13,,2021-11-06 0:00,2021-11-06 0:00
432,18,23,3,27,OPEN,DHGI-2198,432,97,133S0186,432,1,4,2,2,45,3,0,0,,2021-11-06 0:00,2021-11-06 0:00
433,18,23,3,27,CLOSE,DHGI-9101,433,97,133S0105,433,1,1,2,2,45,3,0,2,,2021-11-06 0:00,2021-11-06 0:00
434,18,23,3,27,CLOSE,DHGI-9102,434,97,133S0106,434,1,1,2,2,45,3,0,2,,2021-11-06 0:00,2021-11-06 0:00
435,18,23,3,27,CLOSE,DHGI-9103,435,97,133S0107,435,1,1,2,2,45,3,0,2,,2021-11-06 0:00,2021-11-06 0:00
436,18,23,3,27,CLOSE,DHGI-9104,436,97,133S0108,436,1,1,2,2,45,3,0,13,,2021-11-06 0:00,2021-11-06 0:00
437,18,23,3,27,CLOSE,DHGI-9105,437,97,133S0109,437,1,1,2,2,45,3,0,13,,2021-11-06 0:00,2021-11-06 0:00
438,18,23,3,27,CLOSE,DHGI-9106,438,97,133S0111,438,1,1,2,2,45,3,0,13,,2021-11-06 0:00,2021-11-06 0:00
439,18,23,3,27,CLOSE,DHGI-9107,439,97,133S0118,439,1,1,2,2,45,3,0,2,,2021-11-06 0:00,2021-11-06 0:00
440,18,23,3,27,CLOSE,DHGI-9108,440,97,133S0119,440,1,1,2,2,45,3,0,2,,2021-11-06 0:00,2021-11-06 0:00
441,18,23,3,27,CLOSE,DHGI-9109,441,98,344J2049,441,1,1,12,2,30,3,0,13,,2021-11-06 0:00,2021-11-06 0:00
442,18,23,3,27,CLOSE,DHGI-9111,442,97,244J1040,442,6,1,4,2,30,3,0,13,,2021-11-06 0:00,2021-11-06 0:00
443,18,23,3,27,CLOSE,DHGI-9112,443,98,344J2123,443,6,1,12,2,30,3,0,13,,2021-11-06 0:00,2021-11-06 0:00
444,18,23,3,27,CLOSE,DHGI-9113,444,98,344J2125,444,6,1,12,2,30,3,0,13,,2021-11-06 0:00,2021-11-06 0:00
445,18,23,3,27,CLOSE,DHGI-9114,445,97,144J0223,445,6,1,12,2,30,3,0,2,,2021-11-06 0:00,2021-11-06 0:00
446,18,23,3,27,CLOSE,DHGI-9115,446,97,144J0200,446,2,1,12,2,30,3,0,2,,2021-11-06 0:00,2021-11-06 0:00
447,18,23,3,27,CLOSE,DHGI-9116,447,97,144J0228,447,2,1,12,2,30,4,0,2,,2021-11-06 0:00,2021-11-06 0:00
448,18,23,3,27,CLOSE,DHGI-9116T,448,97,144J0228-T,448,2,1,12,2,30,4,0,2,,2021-11-06 0:00,2021-11-06 0:00
449,18,23,3,27,CLOSE,DHGI-9117,449,97,144J0250,449,2,1,12,2,30,4,0,10,,2021-11-06 0:00,2021-11-06 0:00
450,18,23,3,27,CLOSE,DHGI-9117T,450,97,144J0250-T,450,2,1,12,2,30,4,0,10,,2021-11-06 0:00,2021-11-06 0:00
451,18,23,3,27,CLOSE,DHGI-9118,451,98,344J2131,451,2,1,12,2,30,4,0,13,,2021-11-06 0:00,2021-11-06 0:00
452,18,23,3,27,CLOSE,DHGI-9118T,452,98,344J2131-T,452,2,1,12,2,30,4,0,13,,2021-11-06 0:00,2021-11-06 0:00
453,18,23,3,27,CLOSE,DHGI-9120,453,98,344J2155,453,2,1,12,2,30,4,0,13,,2021-11-06 0:00,2021-11-06 0:00
454,18,23,3,27,CLOSE,DHGI-9120T,454,98,344J2155-T,454,2,1,12,2,30,4,0,13,,2021-11-06 0:00,2021-11-06 0:00
455,18,23,3,27,CLOSE,DHGI-9121,455,98,344J2154,455,2,1,12,2,30,4,0,13,,2021-11-06 0:00,2021-11-06 0:00
456,18,23,3,27,CLOSE,DHGI-9121T,456,98,344J2154-T,456,2,1,12,2,30,4,0,13,,2021-11-06 0:00,2021-11-06 0:00
457,18,23,3,27,CLOSE,DHGI-9122,457,98,344J2139,457,2,1,12,2,30,4,0,13,,2021-11-06 0:00,2021-11-06 0:00
458,18,23,3,27,CLOSE,DHGI-9122T,458,98,344J2139-T,458,2,1,12,2,30,4,0,13,,2021-11-06 0:00,2021-11-06 0:00
459,18,23,3,27,CLOSE,DHGI-9123,459,98,344J2140,459,2,1,12,2,30,4,0,13,,2021-11-06 0:00,2021-11-06 0:00
460,18,23,3,27,CLOSE,DHGI-9123T,460,98,344J2140-T,460,2,1,12,2,30,4,0,13,,2021-11-06 0:00,2021-11-06 0:00
461,18,23,3,27,CLOSE,DHGI-9124,461,98,344J2141,461,2,1,12,2,30,3,0,13,,2021-11-06 0:00,2021-11-06 0:00
462,18,23,3,27,CLOSE,DHGI-9125,462,97,144J0211,462,2,1,12,2,30,3,0,10,,2021-11-06 0:00,2021-11-06 0:00
463,18,23,3,27,CLOSE,DHGI-9126,463,97,144J0216,463,2,1,12,2,30,3,0,10,,2021-11-06 0:00,2021-11-06 0:00
464,18,23,3,27,CLOSE,DHGI-9127,464,97,244J1054,464,2,1,12,2,30,3,0,13,,2021-11-06 0:00,2021-11-06 0:00
465,18,23,3,27,CLOSE,DHGI-9128T,465,98,344J2219-T-1,465,1,2,12,2,30,4,0,0,,2021-11-06 0:00,2021-11-06 0:00
466,18,23,3,27,CLOSE,DHGI-9301T,466,98,332J2077,466,1,1,2,2,30,4,0,2,,2021-11-06 0:00,2021-11-06 0:00
467,18,23,3,27,CLOSE,DHGI-9302T,467,98,332J2081,467,1,1,2,2,30,4,0,2,,2021-11-06 0:00,2021-11-06 0:00
468,18,23,3,27,CLOSE,DHGI-9303T,468,98,332J2062,468,1,1,2,2,30,4,0,2,,2021-11-06 0:00,2021-11-06 0:00
469,18,23,3,27,CLOSE,DHGI-9304,469,98,332J2064,469,1,1,2,2,30,4,0,10,,2021-11-06 0:00,2021-11-06 0:00
470,18,23,3,27,CLOSE,DHGI-9304T,470,98,332J2064-T,470,1,1,2,2,30,4,0,2,,2021-11-06 0:00,2021-11-06 0:00
471,18,23,3,27,CLOSE,DHGI-9305T,471,98,332J2098,471,1,1,2,2,30,4,0,13,,2021-11-06 0:00,2021-11-06 0:00
472,18,23,3,27,CLOSE,DHGI-9306T,472,97,132J0071,472,1,1,2,2,30,4,0,2,,2021-11-06 0:00,2021-11-06 0:00
473,18,23,3,27,CLOSE,DHGI-9307T,473,98,332J2092,473,1,1,2,2,30,4,0,13,,2021-11-06 0:00,2021-11-06 0:00
474,18,23,3,27,CLOSE,DHGI-9308T,474,98,332J2094,474,1,1,2,2,30,4,0,13,,2021-11-06 0:00,2021-11-06 0:00
475,18,23,3,27,CLOSE,DHGI-9310,475,98,332J2136,475,6,1,2,2,30,4,0,13,,2021-11-06 0:00,2021-11-06 0:00
476,18,23,3,27,CLOSE,DHGI-9310T,476,98,332J2136-T,476,6,1,2,2,30,4,0,13,,2021-11-06 0:00,2021-11-06 0:00
477,18,23,3,27,CLOSE,DHGI-9311T,477,98,332J2155,477,6,1,2,2,30,4,0,13,,2021-11-06 0:00,2021-11-06 0:00
478,18,23,3,27,CLOSE,DHGI-9312,478,98,332J2138,478,6,1,2,2,30,4,0,13,,2021-11-06 0:00,2021-11-06 0:00
479,18,23,3,27,CLOSE,DHGI-9312A,479,98,332J2138-1,479,6,1,2,2,30,4,0,13,,2021-11-06 0:00,2021-11-06 0:00
480,18,23,3,27,CLOSE,DHGI-9312T,480,98,332J2138-T,480,6,1,2,2,30,4,0,13,,2021-11-06 0:00,2021-11-06 0:00
481,18,23,3,27,CLOSE,DHGI-9313,481,97,132J0119,481,6,1,2,2,30,3,0,14,,2021-11-06 0:00,2021-11-06 0:00
482,18,23,3,27,CLOSE,DHGI-9314,482,98,332J2166,482,2,1,2,2,30,4,0,13,,2021-11-06 0:00,2021-11-06 0:00
483,18,23,3,27,CLOSE,DHGI-9314T,483,98,332J2166-T,483,2,1,2,2,30,4,0,13,,2021-11-06 0:00,2021-11-06 0:00
484,18,23,3,27,CLOSE,DHGI-9315,484,98,332J2168,484,2,1,2,2,30,4,0,13,,2021-11-06 0:00,2021-11-06 0:00
485,18,23,3,27,CLOSE,DHGI-9315T,485,98,332J2168-T,485,2,1,2,2,30,4,0,13,,2021-11-06 0:00,2021-11-06 0:00
486,18,23,3,27,CLOSE,DHGI-9316,486,98,332J2169,486,2,1,2,2,30,4,0,13,,2021-11-06 0:00,2021-11-06 0:00
487,18,23,3,27,CLOSE,DHGI-9316T,487,98,332J2169-T,487,2,1,2,2,30,4,0,13,,2021-11-06 0:00,2021-11-06 0:00
488,18,23,3,27,CLOSE,DHGI-9317,488,98,332J2170,488,2,1,2,2,30,4,0,13,,2021-11-06 0:00,2021-11-06 0:00
489,18,23,3,27,CLOSE,DHGI-9317T,489,98,332J2170-T,489,2,1,2,2,30,4,0,13,,2021-11-06 0:00,2021-11-06 0:00
490,18,23,3,27,CLOSE,DHGI-9318,490,98,332J2171,490,2,1,2,2,30,3,0,13,,2021-11-06 0:00,2021-11-06 0:00
491,18,23,3,27,CLOSE,DHGI-9319,491,98,332J2174,491,2,1,2,2,30,4,0,13,,2021-11-06 0:00,2021-11-06 0:00
492,18,23,3,27,CLOSE,DHGI-9319T,492,98,332J2174-T,492,2,1,2,2,30,4,0,13,,2021-11-06 0:00,2021-11-06 0:00
493,18,23,3,27,CLOSE,DHGI-9320T,493,98,332J2177,493,2,1,2,2,30,4,0,13,,2021-11-06 0:00,2021-11-06 0:00
494,18,23,3,27,CLOSE,DHGI-9321T,494,98,332J2181,494,2,1,2,2,30,4,0,13,,2021-11-06 0:00,2021-11-06 0:00
495,18,23,3,27,CLOSE,DHGI-9322T,495,98,332J2191,495,2,1,2,2,30,4,0,13,,2021-11-06 0:00,2021-11-06 0:00
496,18,23,3,27,CLOSE,DHGI-9323,496,97,232J1054,496,2,1,2,2,30,4,0,14,,2021-11-06 0:00,2021-11-06 0:00
497,18,23,3,27,CLOSE,DHGI-9323T,497,97,232J1054-T,497,2,1,2,2,30,4,0,14,,2021-11-06 0:00,2021-11-06 0:00
498,18,23,3,27,CLOSE,DHGI-9324,498,98,332J2172,498,2,1,2,2,30,3,0,13,,2021-11-06 0:00,2021-11-06 0:00
499,18,23,3,27,CLOSE,DHGI-9325,499,97,132J0134,499,2,1,2,2,30,3,0,13,,2021-11-06 0:00,2021-11-06 0:00
500,18,23,3,27,CLOSE,DHGI-9326,500,97,132J0170,500,2,1,2,2,30,3,0,13,,2021-11-06 0:00,2021-11-06 0:00
501,18,23,3,27,CLOSE,DHGI-9327,501,97,132J0145,501,2,1,2,2,30,3,0,14,,2021-11-06 0:00,2021-11-06 0:00
502,18,23,3,27,CLOSE,DHGI-9328,502,98,332J2188,502,2,1,2,2,30,3,0,13,,2021-11-06 0:00,2021-11-06 0:00
503,18,23,3,27,CLOSE,DHGI-9329,503,97,130P0146,503,2,1,2,2,30,3,0,13,,2021-11-06 0:00,2021-11-06 0:00
504,18,23,3,27,CLOSE,DHGI-9330,504,97,132J0201,504,1,2,2,2,30,4,0,0,,2021-11-06 0:00,2021-11-06 0:00
505,18,23,3,29,OPEN,DHGK-2100,505,84,1788,505,3,4,12,1,45,3,0,30,,2021-11-06 0:00,2021-11-06 0:00
506,18,23,3,29,OPEN,DHGK-2101,506,84,1784,506,3,4,12,1,45,3,0,30,,2021-11-06 0:00,2021-11-06 0:00
507,18,23,3,29,OPEN,DHGK-2102,507,112,477662,507,3,4,12,1,45,3,7,30,,2021-11-06 0:00,2021-11-08 0:00
508,18,23,3,29,OPEN,DHGK-2103,508,84,1780,508,3,4,12,1,45,3,0,30,,2021-11-06 0:00,2021-11-06 0:00
509,18,23,3,29,OPEN,DHGK-2104,509,84,1767,509,3,4,12,1,45,3,0,30,,2021-11-06 0:00,2021-11-06 0:00
510,18,23,3,29,OPEN,DHGK-2105,510,84,1788-1,510,3,4,12,1,45,3,0,30,,2021-11-06 0:00,2021-11-06 0:00
511,18,23,3,29,OPEN,DHGK-2106,511,84,1792,511,3,4,12,1,45,3,0,30,,2021-11-06 0:00,2021-11-06 0:00
512,18,23,3,29,OPEN,DHGK-2107,512,84,1794,512,3,4,12,1,45,3,0,30,,2021-11-06 0:00,2021-11-06 0:00
513,18,23,3,29,OPEN,DHGK-2108,513,84,8953,513,3,4,12,1,45,3,0,30,,2021-11-06 0:00,2021-11-06 0:00
514,18,23,3,29,OPEN,DHGK-2109,514,114,2587,514,3,4,12,1,45,3,0,30,,2021-11-06 0:00,2021-11-06 0:00
515,18,23,3,29,OPEN,DHGK-2110,515,113,JCX0110,515,3,4,12,1,45,3,0,32,,2021-11-06 0:00,2021-11-06 0:00
516,18,23,3,29,OPEN,DHGK-2111,516,113,JCX0111,516,3,4,12,1,45,3,0,32,,2021-11-06 0:00,2021-11-06 0:00
517,18,23,3,29,OPEN,DHGK-2112,517,113,JCX0116,517,3,4,12,1,45,3,0,32,,2021-11-06 0:00,2021-11-06 0:00
518,18,23,3,29,OPEN,DHGK-2113,518,113,JCX0135,518,3,4,12,1,45,3,0,30,,2021-11-06 0:00,2021-11-06 0:00
519,18,23,3,29,OPEN,DHGK-2113-1,519,113,JCX0135-1,519,3,4,12,1,45,3,0,30,,2021-11-06 0:00,2021-11-06 0:00
520,18,23,3,29,OPEN,DHGK-2114,520,113,JCX21001,520,3,4,12,1,45,3,0,32,,2021-11-06 0:00,2021-11-06 0:00
521,18,23,3,29,OPEN,DHGK-2115,521,113,JCX21203,521,3,4,12,1,45,3,0,30,,2021-11-06 0:00,2021-11-06 0:00
522,18,23,3,29,OPEN,DHGK-2116,522,113,JCX21706,522,3,4,12,1,45,3,0,32,,2021-11-06 0:00,2021-11-06 0:00
523,18,23,3,29,OPEN,DHGK-2117,523,113,JCX21715,523,3,4,12,1,45,3,0,30,,2021-11-06 0:00,2021-11-06 0:00
524,18,23,3,29,OPEN,DHGK-2118,524,113,JCX22002,524,3,4,12,1,45,3,0,32,,2021-11-06 0:00,2021-11-06 0:00
525,18,23,3,29,OPEN,DHGK-2119,525,113,JCX22200,525,3,4,12,1,45,3,0,32,,2021-11-06 0:00,2021-11-06 0:00
526,18,23,3,29,OPEN,DHGK-2120,526,113,JCX22301,526,3,4,12,1,45,3,0,30,,2021-11-06 0:00,2021-11-06 0:00
527,18,23,3,29,OPEN,DHGK-2121,527,113,JCX22501,527,3,4,12,1,45,3,0,32,,2021-11-06 0:00,2021-11-06 0:00
528,18,23,3,29,OPEN,DHGK-2122,528,113,JCX22507,528,3,4,12,1,45,3,0,32,,2021-11-06 0:00,2021-11-06 0:00
529,18,23,3,29,OPEN,DHGK-2123,529,113,JCX22802,529,3,4,12,1,45,3,0,32,,2021-11-06 0:00,2021-11-06 0:00
530,18,23,3,29,OPEN,DHGK-2124,530,113,JCX22803W,530,3,4,12,1,45,3,0,32,,2021-11-06 0:00,2021-11-06 0:00
531,18,23,3,29,OPEN,DHGK-2125,531,113,JCX22804,531,3,4,12,1,45,3,0,32,,2021-11-06 0:00,2021-11-06 0:00
532,18,23,3,29,OPEN,DHGK-2126,532,113,JCX22805,532,3,4,12,1,45,3,0,32,,2021-11-06 0:00,2021-11-06 0:00
533,18,23,3,28,CLOSE,DHGV-2001,533,93,NBM40701Y,533,4,2,2,2,30,1,0,0,,2021-11-06 0:00,2021-11-06 0:00
534,18,23,3,28,CLOSE,DHGV-2002,534,93,GM40505Y,534,4,2,2,2,30,1,0,0,,2021-11-06 0:00,2021-11-06 0:00
535,18,23,3,28,CLOSE,DHGV-2003,535,93,SM40610Y,535,4,2,2,2,30,1,0,4,,2021-11-06 0:00,2021-11-06 0:00
536,18,23,3,28,CLOSE,DHGV-2004,536,93,SW30100013444,536,4,2,4,2,30,1,0,4,,2021-11-06 0:00,2021-11-06 0:00
537,18,23,3,28,CLOSE,DHGV-2005,537,93,SW30100013142,537,4,2,3,2,30,1,0,4,,2021-11-06 0:00,2021-11-06 0:00
538,18,23,3,28,CLOSE,DHGV-2006,538,93,SW30100013189,538,4,2,3,2,30,1,0,4,,2021-11-06 0:00,2021-11-06 0:00
539,18,23,3,28,CLOSE,DHGV-2007,539,93,WG30100012814,539,4,2,4,2,30,1,0,12,,2021-11-06 0:00,2021-11-06 0:00
540,18,23,3,28,CLOSE,DHGV-2008,540,93,NBM40701,540,3,3,2,2,30,1,0,14,,2021-11-06 0:00,2021-11-06 0:00
541,18,23,3,28,CLOSE,DHGV-2009,541,93,GM40505,541,3,3,2,2,30,1,0,12,,2021-11-06 0:00,2021-11-06 0:00
542,18,23,3,28,OPEN,DHGV-2101,542,93,GE31100027798,542,4,3,2,2,30,1,0,12,,2021-11-06 0:00,2021-11-06 0:00
543,18,23,3,28,OPEN,DHGV-2102,543,93,SW32100028966,543,4,3,3,2,30,1,0,14,,2021-11-06 0:00,2021-11-06 0:00
544,18,23,3,28,OPEN,DHGV-2103,544,93,SW32100028963,544,4,3,3,2,30,1,0,14,,2021-11-06 0:00,2021-11-06 0:00
545,18,23,3,28,OPEN,DHGV-2104,545,93,SW32100028968,545,4,3,3,2,30,1,0,14,,2021-11-06 0:00,2021-11-06 0:00
546,18,23,3,28,OPEN,DHGV-2105,546,93,SW32100029031,546,4,3,4,2,30,1,0,12,,2021-11-06 0:00,2021-11-06 0:00
547,18,23,3,28,OPEN,DHGV-2106,547,93,SW32100029122,547,4,3,4,2,30,1,0,4,,2021-11-06 0:00,2021-11-06 0:00
548,18,23,3,28,OPEN,DHGV-2107,548,93,SW32100029121,548,4,3,4,2,30,1,0,4,,2021-11-06 0:00,2021-11-06 0:00
549,18,23,3,28,OPEN,DHGV-2108,549,93,SM40610Y-1,549,4,3,2,2,30,1,0,4,,2021-11-06 0:00,2021-11-06 0:00
550,18,23,3,28,CLOSE,DHGV-9801,550,93,SM49610Y,550,4,1,2,2,30,1,0,1,,2021-11-06 0:00,2021-11-06 0:00
551,18,23,3,28,CLOSE,DHGV-9802,551,93,SM49608Y,551,4,1,2,2,30,1,0,4,,2021-11-06 0:00,2021-11-06 0:00
552,18,23,3,28,CLOSE,DHGV-9803,552,93,GM10221Y,552,1,2,2,2,30,1,0,9,,2021-11-06 0:00,2021-11-06 0:00
553,18,23,3,28,CLOSE,DHGV-9804,553,93,BW111007701,553,1,2,3,2,30,1,0,9,,2021-11-06 0:00,2021-11-06 0:00
554,18,23,3,28,CLOSE,DHGV-9805,554,93,BW111007714,554,1,2,3,2,30,1,0,9,,2021-11-06 0:00,2021-11-06 0:00
555,18,23,3,28,CLOSE,LEDA-2001,555,99,AE1906388,555,3,1,12,2,6,1,0,0,,2021-11-06 0:00,2021-11-06 0:00
556,18,23,3,28,CLOSE,LEDA-2002,556,99,WAE65002SP18,556,4,1,12,2,6,1,0,2,,2021-11-06 0:00,2021-11-06 0:00
557,18,23,3,28,CLOSE,LEDA-2003,557,99,WAE65004SP18-7,557,3,1,12,2,6,1,0,8,,2021-11-06 0:00,2021-11-06 0:00
558,18,23,3,28,CLOSE,LEDA-2004,558,99,WAE65005SP18-10,558,3,1,12,2,6,1,0,8,,2021-11-06 0:00,2021-11-06 0:00
559,18,23,3,28,CLOSE,LEDA-2005,559,99,BAE65009SP18,559,3,1,3,2,6,1,0,6,,2021-11-06 0:00,2021-11-06 0:00
560,18,23,3,28,CLOSE,LEDA-2006,560,99,B-S17SZ6500,560,3,1,3,2,6,1,0,8,,2021-11-06 0:00,2021-11-06 0:00
561,18,23,3,28,CLOSE,LEDA-2007,561,99,AE19119130,561,3,2,3,2,6,1,0,8,,2021-11-06 0:00,2021-11-06 0:00
562,18,23,3,28,CLOSE,LEDA-2008,562,99,AE19122116,562,3,2,3,2,6,1,0,8,,2021-11-06 0:00,2021-11-06 0:00
563,18,23,3,28,CLOSE,LEDA-2009,563,99,BAE65010SP18-2,563,4,2,3,2,6,1,0,8,,2021-11-06 0:00,2021-11-06 0:00
564,18,23,3,28,CLOSE,LEDA-2010,564,99,WAE65003SP18-3,564,3,2,12,2,6,1,0,8,,2021-11-06 0:00,2021-11-06 0:00
565,18,23,3,28,CLOSE,LEDA-2011,565,99,WAE65002SP18-1,565,4,2,12,2,6,1,0,2,,2021-11-06 0:00,2021-11-06 0:00
566,18,23,3,28,CLOSE,LEDA-2012,566,99,WAE65003SP18-4,566,4,2,12,2,6,1,0,2,,2021-11-06 0:00,2021-11-06 0:00
567,18,23,3,28,CLOSE,LEDA-2013,567,99,WAE65004SP18-8,567,4,2,12,2,6,1,0,2,,2021-11-06 0:00,2021-11-06 0:00
568,18,23,3,28,CLOSE,LEDA-2014,568,99,WAE65002SP18-2,568,4,2,12,2,6,3,0,8,,2021-11-06 0:00,2021-11-06 0:00
569,18,23,3,28,CLOSE,LEDA-2015,569,99,WAE65003SP18-5,569,4,2,12,2,6,3,0,8,,2021-11-06 0:00,2021-11-06 0:00
570,18,23,3,28,CLOSE,LEDA-2016,570,99,WAE65004SP18-9,570,4,2,12,2,6,3,0,8,,2021-11-06 0:00,2021-11-06 0:00
571,18,23,3,28,CLOSE,LEDA-2017,571,99,WAE65005SP18-11,571,4,2,12,2,6,3,0,8,,2021-11-06 0:00,2021-11-06 0:00
572,18,23,3,28,CLOSE,LEDA-2018,572,99,AE1906388-1,572,4,2,12,2,6,3,0,8,,2021-11-06 0:00,2021-11-06 0:00
573,18,23,3,28,CLOSE,LEDA-2019,573,99,AE1917142,573,4,2,12,2,6,3,0,8,,2021-11-06 0:00,2021-11-06 0:00
574,18,23,3,28,CLOSE,LEDA-2020,574,99,AE1903796,574,4,2,3,2,6,3,0,8,,2021-11-06 0:00,2021-11-06 0:00
575,18,23,3,28,CLOSE,LEDA-2021,575,99,AE1916252,575,4,2,12,2,6,3,0,8,,2021-11-06 0:00,2021-11-06 0:00
576,18,23,3,28,CLOSE,LEDA-2022,576,99,AE2011188,576,4,2,12,2,24,3,0,8,,2021-11-06 0:00,2021-11-06 0:00
577,18,23,3,28,OPEN,LEDA-2023,577,99,AE1901192-1,577,3,3,12,2,6,3,0,8,,2021-11-06 0:00,2021-11-06 0:00
578,18,23,3,28,OPEN,LEDA-2024,578,99,AE1913254-1,578,3,3,3,2,6,3,0,8,,2021-11-06 0:00,2021-11-06 0:00
579,18,23,3,28,OPEN,LEDA-2025,579,99,AE1906272-1,579,3,3,12,2,6,3,0,8,,2021-11-06 0:00,2021-11-06 0:00
580,18,23,3,28,OPEN,LEDA-2026,580,99,BAE65009SP18-1,580,3,3,3,2,6,3,0,8,,2021-11-06 0:00,2021-11-06 0:00
581,18,23,3,28,OPEN,LEDA-2027,581,99,BAE65010SP18-4,581,3,3,3,2,6,3,0,8,,2021-11-06 0:00,2021-11-06 0:00
582,18,23,3,28,OPEN,LEDA-2028,582,99,AE1913414-1,582,3,3,3,2,6,3,0,8,,2021-11-06 0:00,2021-11-06 0:00
583,18,23,3,28,OPEN,LEDA-2029,583,99,AE1902182-1,583,3,3,3,2,6,3,0,8,,2021-11-06 0:00,2021-11-06 0:00
584,18,23,3,28,OPEN,LEDA-2030,584,99,AE1917142-2,584,4,3,12,2,6,3,0,8,,2021-11-06 0:00,2021-11-06 0:00
585,18,23,3,28,CLOSE,LEDA-9003,585,99,GAE65012FL18,585,3,1,4,2,6,1,0,6,,2021-11-06 0:00,2021-11-06 0:00
586,18,23,3,28,CLOSE,LEDA-9004,586,99,GAE65011FL18,586,3,1,4,2,6,1,0,6,,2021-11-06 0:00,2021-11-06 0:00
587,18,23,3,28,CLOSE,LEDA-9005,587,99,GAE20000FL18,587,3,1,4,2,6,1,0,6,,2021-11-06 0:00,2021-11-06 0:00
588,18,23,3,28,CLOSE,LEDA-9006,588,99,GAE15008FL18,588,3,1,4,2,6,1,0,6,,2021-11-06 0:00,2021-11-06 0:00
589,18,23,3,28,CLOSE,LEDA-9007,589,99,BAE65010SP18-3,589,3,1,3,2,6,1,0,6,,2021-11-06 0:00,2021-11-06 0:00
590,18,23,3,28,CLOSE,LEDA-9010,590,99,WAE65003SP19,590,4,1,12,2,6,1,0,2,,2021-11-06 0:00,2021-11-06 0:00
591,18,23,3,28,CLOSE,LEDA-9011,591,99,WAE65004SP20,591,4,1,12,2,6,1,0,2,,2021-11-06 0:00,2021-11-06 0:00
592,18,23,3,28,CLOSE,LEDA-9013,592,99,AE1906272,592,3,1,12,2,6,1,0,0,,2021-11-06 0:00,2021-11-06 0:00
593,18,23,3,28,CLOSE,LEDA-9014,593,99,AE1902182,593,3,1,3,2,6,1,0,2,,2021-11-06 0:00,2021-11-06 0:00
594,18,23,3,28,CLOSE,LEDA-9015,594,99,AE1913182,594,3,1,3,2,6,1,0,6,,2021-11-06 0:00,2021-11-06 0:00
595,18,23,3,28,CLOSE,LEDA-9018,595,99,AE1902280,595,3,1,4,2,6,1,0,6,,2021-11-06 0:00,2021-11-06 0:00
596,18,23,3,28,CLOSE,LEDA-9019,596,99,AE1903442,596,3,1,4,2,6,1,0,6,,2021-11-06 0:00,2021-11-06 0:00
597,18,23,3,28,CLOSE,LEDA-9020,597,99,AE1903622,597,3,1,3,2,6,1,0,6,,2021-11-06 0:00,2021-11-06 0:00
598,18,23,3,28,CLOSE,LEDA-9021,598,99,AE1903796-1,598,3,1,3,2,6,1,0,6,,2021-11-06 0:00,2021-11-06 0:00
599,18,23,3,28,CLOSE,LEDA-9022,599,99,AE1913254,599,3,1,3,2,6,1,0,6,,2021-11-06 0:00,2021-11-06 0:00
600,18,23,3,28,CLOSE,LEDA-9023,600,99,AE1913414,600,3,1,3,2,6,1,0,6,,2021-11-06 0:00,2021-11-06 0:00
601,18,23,3,28,CLOSE,LEDA-9024,601,99,AE1913820,601,3,1,4,2,6,1,0,6,,2021-11-06 0:00,2021-11-06 0:00
602,18,23,3,28,CLOSE,LEDA-9025,602,99,AE1914238,602,3,1,4,2,6,1,0,6,,2021-11-06 0:00,2021-11-06 0:00
603,18,23,3,28,CLOSE,LEDA-9026,603,99,AE1923144,603,3,1,4,2,6,1,0,6,,2021-11-06 0:00,2021-11-06 0:00
604,18,23,3,28,CLOSE,LEDA-9027,604,99,AE1923666,604,3,1,4,2,6,1,0,6,,2021-11-06 0:00,2021-11-06 0:00
605,18,23,3,28,CLOSE,LEDA-9028,605,99,SZ191488,605,3,1,4,2,6,1,0,0,,2021-11-06 0:00,2021-11-06 0:00
606,18,23,3,28,CLOSE,LEDA-9029,606,99,SZ1916676,606,3,1,3,2,6,1,0,8,,2021-11-06 0:00,2021-11-06 0:00
607,18,23,3,28,CLOSE,LEDA-9031,607,99,SZ1916172,607,3,1,4,2,6,1,0,6,,2021-11-06 0:00,2021-11-06 0:00
608,18,23,3,28,CLOSE,LEDA-9032,608,99,AE1917142-1,608,3,1,12,2,6,1,0,0,,2021-11-06 0:00,2021-11-06 0:00
609,18,23,3,28,CLOSE,LEDA-9033,609,99,AE1901192,609,3,1,12,2,6,1,0,0,,2021-11-06 0:00,2021-11-06 0:00
610,18,23,3,28,CLOSE,LEDA-9034,610,99,AE1916252-1,610,3,1,12,2,6,1,0,0,,2021-11-06 0:00,2021-11-06 0:00
611,18,23,3,28,CLOSE,LEDA-9035,611,99,AE2011188-1,611,3,1,12,2,30,1,0,0,,2021-11-06 0:00,2021-11-06 0:00
612,18,23,3,28,CLOSE,LEDA-9037,612,99,AE1917332,612,3,1,12,2,6,1,0,0,,2021-11-06 0:00,2021-11-06 0:00
613,18,23,3,28,CLOSE,LEDA-9038,613,99,AE1916230,613,3,1,12,2,6,1,0,0,,2021-11-06 0:00,2021-11-06 0:00
614,18,23,3,28,CLOSE,LEDA-9040,614,99,B-S17SZ6501,614,3,1,3,2,6,1,0,8,,2021-11-06 0:00,2021-11-06 0:00
615,18,23,3,28,CLOSE,LEDA-9041,615,99,AE2017094,615,4,1,2,2,30,1,0,7,,2021-11-06 0:00,2021-11-06 0:00
616,18,23,3,28,CLOSE,LEDA-9042,616,99,AE2017156,616,4,1,2,2,30,1,0,9,,2021-11-06 0:00,2021-11-06 0:00
617,18,23,3,28,CLOSE,LEDA-9052,617,99,SZ1908478,617,4,1,7,2,6,1,0,9,,2021-11-06 0:00,2021-11-06 0:00
618,18,23,3,28,CLOSE,LEDA-9053,618,99,SZ1908724,618,4,1,3,2,6,1,0,9,,2021-11-06 0:00,2021-11-06 0:00
619,18,23,3,28,CLOSE,LEDA-9054,619,99,SZ2017754,619,4,1,3,2,30,1,0,7,,2021-11-06 0:00,2021-11-06 0:00
620,18,23,3,28,CLOSE,LEDA-9055,620,99,SZ2017604,620,4,1,4,2,30,1,0,7,,2021-11-06 0:00,2021-11-06 0:00
621,18,23,3,28,CLOSE,LEDA-9056,621,99,SZ20112610,621,4,1,4,2,30,1,0,7,,2021-11-06 0:00,2021-11-06 0:00
622,18,23,3,28,CLOSE,LEDA-9059,622,99,WAE65003SP18-6,622,3,1,12,2,6,1,0,0,,2021-11-06 0:00,2021-11-06 0:00
623,18,23,3,28,OPEN,DHGV-2200,623,93,NOB9024,623,3,4,12,2,29,3,0,9,,2021-11-07 0:00,2021-11-07 0:00
624,18,23,3,27,OPEN,DHGI-2200T,624,97,144J0681,624,6,4,12,2,30,4,0,13,,2021-11-07 0:00,2021-11-07 0:00
625,18,23,3,27,OPEN,DHGI-2201T,625,97,144J0673,625,6,4,12,2,30,4,0,13,,2021-11-07 0:00,2021-11-07 0:00
626,18,23,3,27,OPEN,DHGI-2202T,626,97,144J0694,626,6,4,12,2,30,4,0,13,,2021-11-07 0:00,2021-11-07 0:00
627,18,23,3,27,OPEN,DHGI-2203T,627,98,332J2471,627,6,4,2,2,30,4,0,13,,2021-11-07 0:00,2021-11-07 0:00
628,18,23,3,27,OPEN,DHGI-2204T,628,98,332J2472,628,6,4,2,2,30,4,0,13,,2021-11-07 0:00,2021-11-07 0:00
629,18,23,3,27,OPEN,DHGI-2205T,629,98,332J2473,629,6,4,2,2,30,4,0,13,,2021-11-07 0:00,2021-11-07 0:00
630,18,23,3,27,OPEN,DHGI-2206T,630,98,332J2502,630,6,4,2,2,30,4,3,13,,2021-11-07 0:00,2021-11-08 0:00
631,18,23,3,27,OPEN,DHGI-2207T,631,98,332J2503,631,6,4,2,2,30,4,0,13,,2021-11-08 0:00,2021-11-08 0:00
632,18,23,3,27,OPEN,DHGI-2208T,632,98,344J2459,632,6,4,2,2,30,4,3,13,,2021-11-08 0:00,2021-11-08 0:00
633,18,23,3,29,OPEN,DHGK-2127,633,112,69276,633,3,4,12,1,45,3,3,30,,2021-11-08 0:00,2021-11-08 0:00
634,18,23,3,29,OPEN,DHGK-2128,634,112,72049,634,3,4,12,1,45,3,3,30,,2021-11-08 0:00,2021-11-08 0:00
635,18,23,3,29,OPEN,DHGK-2129,635,112,107089,635,3,4,12,1,45,3,3,30,,2021-11-08 0:00,2021-11-08 0:00
636,18,23,3,29,OPEN,DHGK-2130,636,112,107525,636,3,4,12,1,45,3,3,30,,2021-11-08 0:00,2021-11-08 0:00
637,18,23,3,29,OPEN,DHGK-2131,637,112,38459,637,3,4,12,1,45,3,3,30,,2021-11-08 0:00,2021-11-08 0:00
638,18,23,3,29,OPEN,DHGK-2132,638,112,102675,638,3,4,12,1,45,3,3,30,,2021-11-08 0:00,2021-11-08 0:00
640,18,23,3,29,OPEN,DHGK-2133,640,112,102674,640,3,4,12,1,45,3,3,30,,2021-11-08 0:00,2021-11-08 0:00
