id	type_document_id	vendor_comp_id	type_dept_id	type_team_id	status	no_indent	brand_company_id	no_design	type_season_id	name_season_y_id	type_gender_id	type_fabric_main_id	type_apparel_id	type_order_id	type_order_detail_id	mid_comp_id	creted_ts	updated_ts
	18	24	3	Null	CLOSE	LEV-1017	101	111211CY2	3	3	12	2	24	1	6	15	2021-10-19	2021-10-19
	18	24	3	Null	CLOSE	LEV-1012	101	111311BY2	3	3	12	2	24	1	6	15	2021-10-19	2021-10-19
	18	24	3	Null	CLOSE	LEV-1043	101	111321BY2	3	3	12	2	31	1	6	16	2021-10-19	2021-10-19
	18	24	3	Null	CLOSE	LEV-1044	101	111411BY2	3	3	12	2	24	1	6	15	2021-10-19	2021-10-19
	18	24	3	Null	CLOSE	LEV-1019	101	111411CY1	3	3	12	2	24	1	6	16	2021-10-19	2021-10-19
	18	24	3	Null	CLOSE	LEV-1020	101	111421AY1	3	3	12	2	31	1	6	15	2021-10-19	2021-10-19
	18	24	3	Null	CLOSE	LEV-1045	101	111425BY1	3	3	12	2	31	1	6	15	2021-10-19	2021-10-19
	18	24	3	Null	CLOSE	LEV-1048	101	111439BY1	3	3	12	2	24	1	6	15	2021-10-19	2021-10-19
	18	24	3	Null	CLOSE	LEV-1057	101	111471AY2	3	3	12	2	16	1	6	16	2021-10-19	2021-10-19
	18	24	3	Null	CLOSE	LEV-1046	101	111471BY2	3	3	12	2	16	1	6	16	2021-10-19	2021-10-19
	18	24	3	Null	CLOSE	LEV-1049	101	111571CY3	3	3	12	2	16	1	6	16	2021-10-19	2021-10-19
	18	24	3	Null	OPEN	LEV-1061	101	111811AY2	4	3	12	2	24	1	6	16	2021-10-19	2021-10-19
	18	24	3	Null	OPEN	LEV-1062	101	111821AY3	4	3	12	2	31	1	6	17	2021-10-19	2021-10-19
	18	24	3	Null	OPEN	LEV-1059	101	111827BY1	4	3	12	2	35	1	6	15	2021-10-19	2021-10-19
	18	24	3	Null	OPEN	LEV-1075	101	111X21AY1	4	3	12	2	31	1	6	16	2021-10-19	2021-10-19
	18	24	3	Null	OPEN	LEV-1068	101	111X27AYB	4	3	12	2	35	1	6	17	2021-10-19	2021-10-19
	18	24	3	Null	OPEN	LEV-1069	101	111X27BYA	4	3	12	2	35	1	6	16	2021-10-19	2021-10-19
	18	24	3	Null	OPEN	LEV-1097	101	111Y27AY1	4	3	12	2	35	1	6	15	2021-10-19	2021-10-19
	18	24	3	Null	OPEN	LEV-1067	101	111Y30AY1	4	3	12	2	10	1	6	16	2021-10-19	2021-10-19
	18	24	3	Null	OPEN	LEV-1094	101	111Y30AY3	4	3	12	2	10	1	6	15	2021-10-19	2021-10-19
	18	24	3	Null	OPEN	LEV-22010	101	112111BY1	3	4	12	2	24	1	6	17	2021-10-19	2021-10-19
	18	24	3	Null	OPEN	LEV-22009	101	112111BY2	3	4	12	2	24	1	6	17	2021-10-19	2021-10-19
	18	24	3	Null	OPEN	LEV-22034	101	112121BY1	3	4	12	2	31	1	6	15	2021-10-19	2021-10-19
	18	24	3	Null	OPEN	LEV-22015	101	112211CY1	3	4	12	2	24	1	6	17	2021-10-19	2021-10-19
	18	24	3	Null	OPEN	LEV-22014	101	112227CY1	3	4	12	2	35	1	6	17	2021-10-19	2021-10-19
	18	24	3	Null	OPEN	LEV-22052	101	112327CY1	3	4	12	2	35	1	6	17	2021-10-19	2021-10-19
	18	24	3	Null	OPEN	LEV-22042	101	112411AY2	3	4	12	2	24	1	6	17	2021-10-19	2021-10-19
	18	24	3	Null	OPEN	LEV-22041	101	112421CY1	3	4	12	2	31	1	6	15	2021-10-19	2021-10-19
	18	24	3	Null	OPEN	LEV-22054	101	112527BY2	3	4	12	2	35	1	6	17	2021-10-19	2021-10-19
	18	24	3	Null	CLOSE	LEV-1042	101	121327EY1	3	3	12	2	35	1	6	15	2021-10-19	2021-10-19
	18	24	3	Null	OPEN	LEV-1076	101	121X21GY4	4	3	12	2	31	1	6	17	2021-10-19	2021-10-19
	18	24	3	Null	OPEN	LEV-1100	101	121Y30GY1	4	3	12	2	10	1	6	16	2021-10-19	2021-10-19
	18	24	3	Null	CLOSE	LEV-1016	101	161111FY2	3	3	12	2	24	1	6	17	2021-10-19	2021-10-19
	18	24	3	Null	CLOSE	LEV-1047	101	161311GY1	3	3	12	2	24	1	6	15	2021-10-19	2021-10-19
	18	24	3	Null	CLOSE	LEV-1041	101	161321GY3	3	3	12	2	31	1	6	15	2021-10-19	2021-10-19
	18	24	3	Null	OPEN	LEV-22021	101	162221FY4	3	4	12	2	31	1	6	15	2021-10-19	2021-10-19
	18	24	3	Null	OPEN	LEV-22047	101	162511FY3	3	4	12	2	24	1	6	15	2021-10-19	2021-10-19
	18	24	3	Null	CLOSE	LEV-1021	101	211130AYD	3	3	2	2	10	1	6	15	2021-10-19	2021-10-19
	18	24	3	Null	CLOSE	LEV-1027	101	211311AY2	3	3	2	2	24	1	6	16	2021-10-19	2021-10-19
	18	24	3	Null	CLOSE	LEV-1056	101	211311LY1	3	3	2	2	24	1	6	17	2021-10-19	2021-10-19
	18	24	3	Null	CLOSE	LEV-1028	101	211321AY1	3	3	2	2	31	1	6	15	2021-10-19	2021-10-19
	18	24	3	Null	CLOSE	LEV-1001	101	211321AY2	3	3	2	2	31	1	6	16	2021-10-19	2021-10-19
	18	24	3	Null	CLOSE	LEV-1022	101	211330AYK	3	3	2	2	10	1	6	15	2021-10-19	2021-10-19
	18	24	3	Null	CLOSE	LEV-1052	101	211411AY1	3	3	2	2	24	1	6	17	2021-10-19	2021-10-19
	18	24	3	Null	CLOSE	LEV-1054	101	211411AY2	3	3	2	2	24	1	6	15	2021-10-19	2021-10-19
	18	24	3	Null	CLOSE	LEV-1050	101	211411BY1	3	3	2	2	24	1	6	16	2021-10-19	2021-10-19
	18	24	3	Null	CLOSE	LEV-1053	101	211421AY1	3	3	2	2	31	1	6	17	2021-10-19	2021-10-19
	18	24	3	Null	CLOSE	LEV-1055	101	211421AY2	3	3	2	2	31	1	6	17	2021-10-19	2021-10-19
	18	24	3	Null	CLOSE	LEV-1051	101	211421BY1	3	3	2	2	31	1	6	16	2021-10-19	2021-10-19
	18	24	3	Null	CLOSE	LEV-1058	101	211525AY1	3	3	2	2	31	1	6	17	2021-10-19	2021-10-19
	18	24	3	Null	OPEN	LEV-1083	101	211921AYD	4	3	2	2	31	1	6	15	2021-10-19	2021-10-19
	18	24	3	Null	OPEN	LEV-1091	101	211930AY1	4	3	2	2	10	1	6	17	2021-10-19	2021-10-19
	18	24	3	Null	OPEN	LEV-1078	101	211930DY1	4	3	2	2	10	1	6	15	2021-10-19	2021-10-19
	18	24	3	Null	OPEN	LEV-1102	101	211Y21DZ1	4	3	2	2	31	1	6	17	2021-10-19	2021-10-19
	18	24	3	Null	OPEN	LEV-22004	101	212111AY1	3	4	2	2	24	1	6	15	2021-10-19	2021-10-19
	18	24	3	Null	OPEN	LEV-22005	101	212121AY1	3	4	2	2	31	1	6	17	2021-10-19	2021-10-19
	18	24	3	Null	OPEN	LEV-22008	101	212130AY1	3	4	2	2	10	1	6	16	2021-10-19	2021-10-19
	18	24	3	Null	OPEN	LEV-22007	101	212221DY2	3	4	2	2	31	1	6	15	2021-10-19	2021-10-19
	18	24	3	Null	OPEN	LEV-22036	101	212311AY1	3	4	2	2	24	1	6	16	2021-10-19	2021-10-19
	18	24	3	Null	OPEN	LEV-22039	101	212311DY1	3	4	2	2	24	1	6	16	2021-10-19	2021-10-19
	18	24	3	Null	OPEN	LEV-22037	101	212321AY3	3	4	2	2	31	1	6	17	2021-10-19	2021-10-19
	18	24	3	Null	OPEN	LEV-22060	101	212321DZ1	3	4	2	2	31	1	6	15	2021-10-19	2021-10-19
	18	24	3	Null	OPEN	LEV-22003	101	212330AY1	3	4	2	2	10	1	6	31	2021-10-19	2021-10-19
	18	24	3	Null	OPEN	LEV-22038	101	212330AY2	3	4	2	2	24	1	6	15	2021-10-19	2021-10-19
	18	24	3	Null	OPEN	LEV-22059	101	212411AY1	3	4	2	2	24	1	6	31	2021-10-19	2021-10-19
	18	24	3	Null	OPEN	LEV-22006	101	222221BY2	3	4	2	2	31	1	6	31	2021-10-19	2021-10-19
	18	24	3	Null	OPEN	LEV-22001	101	222230BY1	3	4	2	2	10	1	6	17	2021-10-19	2021-10-19
	18	24	3	Null	OPEN	LEV-1101	101	251921GZ1	4	3	2	2	31	1	6	16	2021-10-19	2021-10-19
	18	24	3	Null	CLOSE	LEV-1002	101	261121DY2	3	3	2	2	31	1	6	16	2021-10-19	2021-10-19
	18	24	3	Null	CLOSE	LEV-1023	101	261221DY1	3	3	2	2	31	1	6	15	2021-10-19	2021-10-19
	18	24	3	Null	OPEN	LEV-1085	101	261921EYA	4	3	2	2	31	1	6	15	2021-10-19	2021-10-19
	18	24	3	Null	OPEN	LEV-1086	101	261921EZA	4	3	2	2	31	1	6	31	2021-10-19	2021-10-19
	18	24	3	Null	OPEN	LEV-22002	101	262211CY1	3	4	2	2	24	1	6	17	2021-10-19	2021-10-19
	18	24	3	Null	OPEN	LEV-22058	101	262411CY1	3	4	2	2	24	1	6	15	2021-10-19	2021-10-19
	18	24	3	Null	CLOSE	LEV-1005	101	321111AY5	3	3	12	2	24	1	6	15	2021-10-19	2021-10-19
	18	24	3	Null	CLOSE	LEV-1003	101	321111LY1	3	3	12	2	24	1	6	15	2021-10-19	2021-10-19
	18	24	3	Null	CLOSE	LEV-1009	101	321111LY2	3	3	12	2	24	1	6	16	2021-10-19	2021-10-19
	18	24	3	Null	CLOSE	LEV-1006	101	321121BY1	3	3	12	2	31	1	6	17	2021-10-19	2021-10-19
	18	24	3	Null	CLOSE	LEV-1004	101	321121LY7	3	3	12	2	31	1	6	16	2021-10-19	2021-10-19
	18	24	3	Null	CLOSE	LEV-1013	101	321211LY5	3	3	12	2	24	1	6	15	2021-10-19	2021-10-19
	18	24	3	Null	CLOSE	LEV-1007	101	321221LY2	3	3	12	2	31	1	6	15	2021-10-19	2021-10-19
	18	24	3	Null	CLOSE	LEV-1008	101	321221LY2-1	3	3	12	2	31	1	6	15	2021-10-19	2021-10-19
	18	24	3	Null	CLOSE	LEV-1014	101	321221LY3	3	3	12	2	31	1	6	15	2021-10-19	2021-10-19
	18	24	3	Null	CLOSE	LEV-1010	101	321311DY8	3	3	12	2	24	1	6	15	2021-10-19	2021-10-19
	18	24	3	Null	CLOSE	LEV-1011	101	321311EYA	3	3	12	2	24	1	6	15	2021-10-19	2021-10-19
	18	24	3	Null	CLOSE	LEV-1015	101	321311LY3	3	3	12	2	24	1	6	15	2021-10-19	2021-10-19
	18	24	3	Null	CLOSE	LEV-1018	101	321321DY5	3	3	12	2	31	1	6	17	2021-10-19	2021-10-19
	18	24	3	Null	CLOSE	LEV-1025	101	321364BY2	3	3	12	2	3	1	6	17	2021-10-19	2021-10-19
	18	24	3	Null	CLOSE	LEV-1026	101	321364EY1	3	3	12	2	3	1	6	15	2021-10-19	2021-10-19
	18	24	3	Null	CLOSE	LEV-1029	101	321411DY4	3	3	12	2	24	1	6	17	2021-10-19	2021-10-19
	18	24	3	Null	CLOSE	LEV-1032	101	321411LY1	3	3	12	2	24	1	6	17	2021-10-19	2021-10-19
	18	24	3	Null	CLOSE	LEV-1031	101	321411LY2	3	3	12	2	24	1	6	17	2021-10-19	2021-10-19
	18	24	3	Null	CLOSE	LEV-1033	101	321411LY6	3	3	12	2	24	1	6	15	2021-10-19	2021-10-19
	18	24	3	Null	CLOSE	LEV-1040	101	321411LY8	3	3	12	2	24	1	6	17	2021-10-19	2021-10-19
	18	24	3	Null	CLOSE	LEV-1035	101	321421FY1	3	3	12	2	31	1	6	17	2021-10-19	2021-10-19
	18	24	3	Null	CLOSE	LEV-1034	101	321421LY6	3	3	12	2	31	1	6	17	2021-10-19	2021-10-19
	18	24	3	Null	CLOSE	LEV-1030	101	321421LYA	3	3	12	2	31	1	6	16	2021-10-19	2021-10-19
	18	24	3	Null	CLOSE	LEV-1039	101	321521EY1	3	3	12	2	31	1	6	31	2021-10-19	2021-10-19
	18	24	3	Null	CLOSE	LEV-1038	101	321521LY2	3	3	12	2	31	1	6	17	2021-10-19	2021-10-19
	18	24	3	Null	CLOSE	LEV-1036	101	321525LY6	3	3	12	2	31	1	6	17	2021-10-19	2021-10-19
	18	24	3	Null	CLOSE	LEV-1037	101	321525LY7	3	3	12	2	31	1	6	15	2021-10-19	2021-10-19
	18	24	3	Null	OPEN	LEV-1074	101	321721BY1	4	3	12	2	31	1	6	15	2021-10-19	2021-10-19
	18	24	3	Null	OPEN	LEV-1092	101	321811CY5	4	3	12	2	24	1	6	15	2021-10-19	2021-10-19
	18	24	3	Null	OPEN	LEV-1060	101	321811LY2	4	3	12	2	24	1	6	18	2021-10-19	2021-10-19
	18	24	3	Null	OPEN	LEV-1093	101	321821CYZ	4	3	12	2	31	1	6	18	2021-10-19	2021-10-19
	18	24	3	Null	OPEN	LEV-1095	101	32183TLY3	4	3	12	2	10	1	6	18	2021-10-19	2021-10-19
	18	24	3	Null	OPEN	LEV-1063	101	321911LY5	4	3	12	2	24	1	6	18	2021-10-19	2021-10-19
	18	24	3	Null	OPEN	LEV-1066	101	321911LY7	4	3	12	2	24	1	6	18	2021-10-19	2021-10-19
	18	24	3	Null	OPEN	LEV-1099	101	321911LY9	4	3	12	2	24	1	6	18	2021-10-19	2021-10-19
	18	24	3	Null	OPEN	LEV-1070	101	321921LY2	4	3	12	2	31	1	6	18	2021-10-19	2021-10-19
	18	24	3	Null	OPEN	LEV-1071	101	321921LY3	4	3	12	2	31	1	6	18	2021-10-19	2021-10-19
	18	24	3	Null	OPEN	LEV-1089	101	321921LY4	4	3	12	2	31	1	6	18	2021-10-19	2021-10-19
	18	24	3	Null	OPEN	LEV-1064	101	321921LY6	4	3	12	2	31	1	6	18	2021-10-19	2021-10-19
	18	24	3	Null	OPEN	LEV-1096	101	32193TLY4	4	3	12	2	10	1	6	Null	2021-10-19	2021-10-19
	18	24	3	Null	OPEN	LEV-1072	101	321X11LY2	4	3	12	2	24	1	6	Null	2021-10-19	2021-10-19
	18	24	3	Null	OPEN	LEV-1065	101	321X11LY7	4	3	12	2	24	1	6	Null	2021-10-19	2021-10-19
	18	24	3	Null	OPEN	LEV-1090	101	321X11LY8	4	3	12	2	24	1	6	Null	2021-10-19	2021-10-19
	18	24	3	Null	OPEN	LEV-1080	101	321X21AY9	4	3	12	2	31	1	6	Null	2021-10-19	2021-10-19
	18	24	3	Null	OPEN	LEV-1079	101	321X27LY4	4	3	12	2	35	1	6	Null	2021-10-19	2021-10-19
	18	24	3	Null	OPEN	LEV-1082	101	321Y21CYA	4	3	12	2	31	1	6	Null	2021-10-19	2021-10-19
	18	24	3	Null	OPEN	LEV-1081	101	321Y21LY2	4	3	12	2	31	1	6	Null	2021-10-19	2021-10-19
	18	24	3	Null	OPEN	LEV-1073	101	321Y30LY1	4	3	12	2	10	1	6	Null	2021-10-19	2021-10-19
	18	24	3	Null	OPEN	LEV-1087	101	321Y30LY4	4	3	12	2	10	1	6	Null	2021-10-19	2021-10-19
	18	24	3	Null	OPEN	LEV-22016	101	322111KY4	3	4	12	2	24	1	6	Null	2021-10-19	2021-10-19
	18	24	3	Null	OPEN	LEV-22020	101	322121DY7	3	4	12	2	31	1	6	Null	2021-10-19	2021-10-19
	18	24	3	Null	OPEN	LEV-22017	101	322121KY6	3	4	12	2	31	1	6	Null	2021-10-19	2021-10-19
	18	24	3	Null	OPEN	LEV-22022	101	322211HY6	3	4	12	2	24	1	6	Null	2021-10-19	2021-10-19
	18	24	3	Null	OPEN	LEV-22032	101	322211HY7	3	4	12	2	24	1	6	Null	2021-10-19	2021-10-19
	18	24	3	Null	OPEN	LEV-22011	101	322211LY2	3	4	12	2	24	1	6	Null	2021-10-19	2021-10-19
	18	24	3	Null	OPEN	LEV-22012	101	322211LY3	3	4	12	2	24	1	6	Null	2021-10-19	2021-10-19
	18	24	3	Null	OPEN	LEV-22013	101	322211LY4	3	4	12	2	24	1	6	Null	2021-10-19	2021-10-19
	18	24	3	Null	OPEN	LEV-22018	101	322211LY5	3	4	12	2	24	1	6	Null	2021-10-19	2021-10-19
	18	24	3	Null	OPEN	LEV-22023	101	322221HY7	3	4	12	2	31	1	6	Null	2021-10-19	2021-10-19
	18	24	3	Null	OPEN	LEV-22033	101	322221HY8	3	4	12	2	31	1	6	Null	2021-10-19	2021-10-19
	18	24	3	Null	OPEN	LEV-22019	101	322221LY3	3	4	12	2	31	1	6	Null	2021-10-19	2021-10-19
	18	24	3	Null	OPEN	LEV-22024	101	322221LY6	3	4	12	2	31	1	6	Null	2021-10-19	2021-10-19
	18	24	3	Null	OPEN	LEV-22027	101	322227LY1	3	4	12	2	35	1	6	Null	2021-10-19	2021-10-19
	18	24	3	Null	OPEN	LEV-22028	101	322227LY2	3	4	12	2	35	1	6	Null	2021-10-19	2021-10-19
	18	24	3	Null	OPEN	LEV-22025	101	322311DYA	3	4	12	2	24	1	6	Null	2021-10-19	2021-10-19
	18	24	3	Null	OPEN	LEV-22029	101	322311LY4	3	4	12	2	24	1	6	Null	2021-10-19	2021-10-19
	18	24	3	Null	OPEN	LEV-22035	101	322311LY4-1	3	4	12	2	24	1	6	Null	2021-10-19	2021-10-19
	18	24	3	Null	OPEN	LEV-22043	101	322311LY6	3	4	12	2	24	1	6	Null	2021-10-19	2021-10-19
	18	24	3	Null	OPEN	LEV-22026	101	322321DYH	3	4	12	2	31	1	6	Null	2021-10-19	2021-10-19
	18	24	3	Null	OPEN	LEV-22031	101	322321LY3	3	4	12	2	31	1	6	Null	2021-10-19	2021-10-19
	18	24	3	Null	OPEN	LEV-22030	101	322321LY4	3	4	12	2	31	1	6	Null	2021-10-19	2021-10-19
	18	24	3	Null	OPEN	LEV-22056	101	322411DY1	3	4	12	2	24	1	6	Null	2021-10-19	2021-10-19
	18	24	3	Null	OPEN	LEV-22050	101	322411HY2	3	4	12	2	24	1	6	Null	2021-10-19	2021-10-19
	18	24	3	Null	OPEN	LEV-22040	101	322411HY3	3	4	12	2	24	1	6	Null	2021-10-19	2021-10-19
	18	24	3	Null	OPEN	LEV-22049	101	322411LY1	3	4	12	2	24	1	6	Null	2021-10-19	2021-10-19
	18	24	3	Null	OPEN	LEV-22044	101	322421LY1	3	4	12	2	31	1	6	Null	2021-10-19	2021-10-19
	18	24	3	Null	OPEN	LEV-22048	101	322421LY5	3	4	12	2	31	1	6	Null	2021-10-19	2021-10-19
	18	24	3	Null	OPEN	LEV-22057	101	322425DY3	3	4	12	2	31	1	6	Null	2021-10-19	2021-10-19
	18	24	3	Null	OPEN	LEV-22053	101	322427EY3	3	4	12	2	35	1	6	Null	2021-10-19	2021-10-19
	18	24	3	Null	OPEN	LEV-22045	101	322511FY1	3	4	12	2	24	1	6	Null	2021-10-19	2021-10-19
	18	24	3	Null	OPEN	LEV-22046	101	322525FY2	3	4	12	2	31	1	6	Null	2021-10-19	2021-10-19
	18	24	3	Null	OPEN	LEV-22051	101	322525LY3	3	4	12	2	31	1	6	Null	2021-10-19	2021-10-19
	18	24	3	Null	OPEN	LEV-22055	101	322527LY3	3	4	12	2	35	1	6	Null	2021-10-19	2021-10-19
	18	24	3	Null	CLOSE	LEV-1024	101	421130AY2	3	3	2	2	10	1	6	Null	2021-10-19	2021-10-19
	18	24	3	Null	OPEN	LEV-1084	101	421721EZ7	4	3	2	2	31	1	6	Null	2021-10-19	2021-10-19
	18	24	3	Null	OPEN	LEV-1077	101	421939AY2	4	3	2	2	24	1	6	Null	2021-10-19	2021-10-19
	18	24	3	Null	OPEN	LEV-1088	101	421X30LY3	4	3	2	2	10	1	6	Null	2021-10-19	2021-10-19
	18	24	3	Null	OPEN	LEV-1098	101	451X30LQZ	4	3	2	2	10	1	6	Null	2021-10-19	2021-10-19
	18	24	3	Null	CLOSE	LPV-1001	108	617U	3	3	2	2	24	1	6	29	2021-10-19	2021-10-19
	18	24	3	Null	CLOSE	LPV-1002	108	617UM	3	3	2	2	24	1	6	29	2021-10-19	2021-10-19
	18	24	3	Null	CLOSE	LPV-1003	108	889T	3	3	2	2	29	1	6	29	2021-10-19	2021-10-19
	18	24	3	Null	CLOSE	LPV-1005	108	923U (G01184)	4	3	2	2	24	1	6	Null	2021-10-19	2021-10-19
	18	24	3	Null	CLOSE	LPV-1006	108	923U (G01456)	4	3	2	2	24	1	6	Null	2021-10-19	2021-10-19
	18	24	3	Null	CLOSE	LPV-1007	108	942U	4	3	2	2	29	1	6	17	2021-10-19	2021-10-19
	18	24	3	Null	CLOSE	LPV-1008	108	946U	4	3	2	2	29	1	6	17	2021-10-19	2021-10-19
	18	24	3	Null	CLOSE	LPV-1004	108	960T	3	3	2	2	29	1	6	17	2021-10-19	2021-10-19
	18	24	3	Null	CLOSE	LJV-1001	82	ADHJ-01	3	3	12	2	31	1	6	17	2021-10-19	2021-10-19
	18	24	3	Null	OPEN	LJV-1002	82	ADHJ-02	4	3	12	2	31	1	6	15	2021-10-19	2021-10-19
	18	24	3	Null	CLOSE	LFK-1001	83	LFK-1001	3	3	12	2	35	1	6	15	2021-10-19	2021-10-19
	18	24	3	Null	CLOSE	LFK-1001-1	83	LFK-1001-1	3	3	12	2	35	1	6	15	2021-10-19	2021-10-19
	18	24	3	Null	CLOSE	LFK-1001-2	83	LFK-1001-2	3	3	12	2	35	1	6	17	2021-10-19	2021-10-19
	18	24	3	Null	CLOSE	LFK-1002	83	LFK-1002	3	3	12	1	48	1	6	Null	2021-10-19	2021-10-19
	18	24	3	Null	CLOSE	LFK-1003	83	LFK-1003	3	3	12	2	35	1	6	31	2021-10-19	2021-10-19
	18	24	3	Null	CLOSE	LFK-1003-1	83	LFK-1003-1	3	3	12	2	35	1	6	31	2021-10-19	2021-10-19
	18	24	3	Null	CLOSE	LFK-1004	83	LFK-1004	3	3	12	2	31	1	6	31	2021-10-19	2021-10-19
	18	24	3	Null	CLOSE	LFK-1005	83	LFK-1005	3	3	12	1	48	1	6	17	2021-10-19	2021-10-19
	18	24	3	Null	OPEN	LFK-1006	83	LFK-1006	4	3	12	1	48	1	6	16	2021-10-19	2021-10-19
	18	24	3	Null	OPEN	LFK-1008	83	LFK-1008	4	3	12	2	10	1	6	16	2021-10-19	2021-10-19
	18	24	3	Null	OPEN	LFK-1009	83	LFK-1009	4	3	12	2	31	1	6	31	2021-10-19	2021-10-19
	18	24	3	Null	OPEN	LFK-1010	83	LFK-1010	4	3	12	1	48	1	6	15	2021-10-19	2021-10-19
	18	24	3	Null	CLOSE	LFV-1001	83	LFV-1001	3	3	12	2	31	1	6	16	2021-10-19	2021-10-19
	18	24	3	Null	OPEN	LZV-1001	111	LZV-1001	4	3	2	2	10	1	6	15	2021-10-19	2021-10-19
	18	24	3	Null	OPEN	LZV-1002	111	LZV-1002	4	3	2	2	24	1	6	15	2021-10-19	2021-10-19
	18	24	3	Null	OPEN	LZV-1003	111	LZV-1003	4	3	2	2	24	1	6	15	2021-10-19	2021-10-19
	18	24	3	Null	OPEN	LZV-1004	111	LZV-1004	4	3	2	2	24	1	6	17	2021-10-19	2021-10-19
	18	24	3	Null	OPEN	LZV-1005	111	LZV-1005	4	3	2	2	15	1	6	15	2021-10-19	2021-10-19
	18	24	3	Null	OPEN	LZV-1006	111	LZV-1006	4	3	2	2	15	1	6	15	2021-10-19	2021-10-19
	18	24	3	Null	OPEN	LZV-1007	111	LZV-1007	4	3	2	2	15	1	6	16	2021-10-19	2021-10-19
	18	24	3	Null	OPEN	LZV-1008	111	LZV-1008	4	3	2	2	15	1	6	15	2021-10-19	2021-10-19
	18	24	3	Null	OPEN	LNV-1001	109	NF-2001	3	3	12	1	21	1	6	16	2021-10-19	2021-10-19
	18	24	3	Null	OPEN	LNV-1002	109	NF-2002	3	3	12	1	6	1	6	16	2021-10-19	2021-10-19
	18	24	3	Null	OPEN	LNV-1002-1	109	NF-2002-1	4	3	12	1	6	1	6	17	2021-10-19	2021-10-19
	18	24	3	Null	OPEN	LNV-1003	109	NF-2003	3	3	12	1	21	1	6	15	2021-10-19	2021-10-19
	18	24	3	Null	OPEN	LNV-1004	109	NF-2004	3	3	12	1	35	1	6	15	2021-10-19	2021-10-19
	18	24	3	Null	OPEN	LNV-1004-1	109	NF-2004-1	4	3	12	1	1	1	6	17	2021-10-19	2021-10-19
	18	24	3	Null	OPEN	LNV-1005	109	NF-2005	3	3	12	1	46	1	6	15	2021-10-19	2021-10-19
	18	24	3	Null	OPEN	LNV-1006	109	NF-2006	3	3	12	2	31	1	6	15	2021-10-19	2021-10-19
	18	24	3	Null	OPEN	LNV-1007	109	NF-2007	3	3	12	1	3	1	6	17	2021-10-19	2021-10-19
	18	24	3	Null	OPEN	LNV-1007-1	109	NF-2007-1	4	3	12	1	3	1	6	Null	2021-10-19	2021-10-19
	18	24	3	Null	OPEN	LNV-1008	109	NF-2008	3	3	12	2	16	1	6	Null	2021-10-19	2021-10-19
	18	24	3	Null	OPEN	LNV-1009	109	NF-2009	3	3	12	2	26	1	6	Null	2021-10-19	2021-10-19
	18	24	3	Null	OPEN	LNV-1010	109	NF-2010	3	3	12	2	46	1	6	Null	2021-10-19	2021-10-19
	18	24	3	Null	OPEN	LNV-1011	109	NF-2011	3	3	12	2	3	1	6	Null	2021-10-19	2021-10-19
	18	24	3	Null	OPEN	LNV-1012	109	NF-2012	3	3	12	2	3	1	6	Null	2021-10-19	2021-10-19
	18	24	3	Null	OPEN	LNV-1013	109	NF-2013	3	3	12	2	36	1	6	Null	2021-10-19	2021-10-19
	18	24	3	Null	OPEN	LNV-1014	109	NF-2014	3	3	12	1	9	1	6	Null	2021-10-19	2021-10-19
	18	24	3	Null	OPEN	LNV-1015	109	NF-2015	3	3	12	2	29	1	6	Null	2021-10-19	2021-10-19
	18	24	3	Null	OPEN	LNV-1016	109	NF-2101	4	3	12	1	9	1	6	Null	2021-10-19	2021-10-19
	18	24	3	Null	OPEN	LNV-1017	109	NF-2102	4	3	12	1	48	1	6	Null	2021-10-19	2021-10-19
	18	24	3	Null	OPEN	LNV-1018	109	NF-2103	4	3	12	1	47	1	6	Null	2021-10-19	2021-10-19
	18	24	3	Null	OPEN	LNV-1026	109	NF-2104	4	3	12	1	43	1	6	Null	2021-10-19	2021-10-19
	18	24	3	Null	OPEN	LNV-1027	109	NF-2105	4	3	12	1	43	1	6	Null	2021-10-19	2021-10-19
	18	24	3	Null	OPEN	LNV-1019	109	NF-2106	4	3	12	1	44	1	6	Null	2021-10-19	2021-10-19
	18	24	3	Null	OPEN	LNV-1020	109	NF-2107	4	4	12	1	17	1	6	Null	2021-10-19	2021-10-19
	18	24	3	Null	OPEN	LNV-1028	109	NF-2108	4	3	12	1	43	1	6	Null	2021-10-19	2021-10-19
	18	24	3	Null	OPEN	LNV-1021	109	NF-2109	4	4	12	1	10	1	6	Null	2021-10-19	2021-10-19
	18	24	3	Null	OPEN	LNV-1022	109	NF-2110	4	4	12	1	43	1	6	Null	2021-10-19	2021-10-19
	18	24	3	Null	OPEN	LNV-1023	109	NF-2111	4	4	12	1	24	1	6	Null	2021-10-19	2021-10-19
	18	24	3	Null	OPEN	LNV-1024	109	NF-2112	4	4	12	1	17	1	6	Null	2021-10-19	2021-10-19
	18	24	3	Null	OPEN	LNV-1025	109	NF-2113	4	4	12	1	31	1	6	Null	2021-10-19	2021-10-19
	18	24	3	Null	OPEN	LSV-1001	110	SN-2001	3	3	12	2	29	1	6	Null	2021-10-19	2021-10-19
	18	24	3	Null	OPEN	LSV-1002	110	SN-2002	3	3	12	2	31	1	6	Null	2021-10-19	2021-10-19
	18	24	3	Null	OPEN	LSV-1003	110	SN-2003	3	3	12	2	29	1	6	Null	2021-10-19	2021-10-19
	18	24	3	Null	OPEN	LSV-1004	110	SN-2004	3	3	12	2	31	1	6	Null	2021-10-19	2021-10-19
	18	24	3	Null	OPEN	LSV-1005	110	SN-2101	4	3	12	1	48	1	6	15	2021-10-19	2021-10-19
	18	24	3	Null	OPEN	LSV-1006	110	SN-2102	4	3	12	1	31	1	6	Null	2021-10-19	2021-10-19
	18	23	3	27	CLOSE	DHGI-2001T	98	344J2219-T	1	2	12	2	30	4	6	Null	2021-10-19	2021-10-19
	18	23	3	27	CLOSE	DHGI-2002	97	244J1063	1	2	12	2	30	3	6	13	2021-10-19	2021-10-19
	18	23	3	27	CLOSE	DHGI-2003	98	344J2197	1	2	12	2	30	3	6	13	2021-10-19	2021-10-19
	18	23	3	27	CLOSE	DHGI-2004T	97	133S0131-T	1	2	12	2	45	4	6	Null	2021-10-19	2021-10-19
	18	23	3	27	CLOSE	DHGI-2005T	97	133S0132-T	1	2	12	2	45	4	6	Null	2021-10-19	2021-10-19
	18	23	3	27	CLOSE	DHGI-2006	97	133S0133	1	2	12	2	45	3	6	Null	2021-10-19	2021-10-19
	18	23	3	27	CLOSE	DHGI-2006T	97	133S0133-T	1	2	12	2	45	4	6	Null	2021-10-19	2021-10-19
	18	23	3	27	CLOSE	DHGI-2007T	97	133S0136-T	1	2	12	2	45	4	6	Null	2021-10-19	2021-10-19
	18	23	3	27	CLOSE	DHGI-2008T	97	133S0139	1	2	12	2	45	4	6	Null	2021-10-19	2021-10-19
	18	23	3	27	CLOSE	DHGI-2009	98	344J2198	1	2	12	2	30	3	6	13	2021-10-19	2021-10-19
	18	23	3	27	CLOSE	DHGI-2010	97	133S0131	1	2	12	2	45	3	6	Null	2021-10-19	2021-10-19
	18	23	3	27	CLOSE	DHGI-2011	97	133S0132	1	2	12	2	45	3	6	Null	2021-10-19	2021-10-19
	18	23	3	27	CLOSE	DHGI-2012	97	133S0136	1	2	12	2	45	3	6	Null	2021-10-19	2021-10-19
	18	23	3	27	CLOSE	DHGI-2013	97	133S0137	1	2	12	2	45	3	6	Null	2021-10-19	2021-10-19
	18	23	3	27	CLOSE	DHGI-2014	97	133S0142	1	2	12	2	45	3	6	Null	2021-10-19	2021-10-19
	18	23	3	27	CLOSE	DHGI-2015	97	133S0143	1	2	2	2	45	3	6	Null	2021-10-19	2021-10-19
	18	23	3	27	CLOSE	DHGI-2016	97	133S0134	1	2	2	2	45	3	6	Null	2021-10-19	2021-10-19
	18	23	3	27	CLOSE	DHGI-2017	97	133S0144	1	2	2	2	45	3	6	Null	2021-10-19	2021-10-19
	18	23	3	27	CLOSE	DHGI-2018	97	244J1063R	5	2	4	2	30	3	6	13	2021-10-19	2021-10-19
	18	23	3	27	CLOSE	DHGI-2019	97	244J1080	5	2	12	2	30	3	6	13	2021-10-19	2021-10-19
	18	23	3	27	CLOSE	DHGI-2020T	97	144J0400	2	2	12	2	30	4	6	13	2021-10-19	2021-10-19
	18	23	3	27	OPEN	DHGI-2021	98	344J2272	2	2	12	2	30	3	6	13	2021-10-19	2021-10-19
	18	23	3	27	OPEN	DHGI-2022	98	344J2285	2	2	12	2	30	3	6	13	2021-10-19	2021-10-19
	18	23	3	27	OPEN	DHGI-2022T	98	344J2285-T	2	2	12	2	30	4	6	13	2021-10-19	2021-10-19
	18	23	3	27	OPEN	DHGI-2023	97	244J1082	2	2	4	2	30	3	6	13	2021-10-19	2021-10-19
	18	23	3	27	OPEN	DHGI-2023T	97	244J1082-T	2	2	4	2	30	4	6	13	2021-10-19	2021-10-19
	18	23	3	27	OPEN	DHGI-2024	98	344J2273	2	2	12	2	30	3	6	12	2021-10-19	2021-10-19
	18	23	3	27	CLOSE	DHGI-2025	97	144J0398	6	2	12	2	30	3	6	13	2021-10-19	2021-10-19
	18	23	3	27	OPEN	DHGI-2026	98	344J2274	2	2	12	2	30	3	6	13	2021-10-19	2021-10-19
	18	23	3	27	OPEN	DHGI-2027	98	344J2298	2	2	12	2	30	3	6	13	2021-10-19	2021-10-19
	18	23	3	27	OPEN	DHGI-2028	98	344J2279	2	2	12	2	30	3	6	13	2021-10-19	2021-10-19
	18	23	3	27	CLOSE	DHGI-2029	98	187J0010	2	2	12	2	30	3	6	13	2021-10-19	2021-10-19
	18	23	3	27	CLOSE	DHGI-2052	97	128T0091	1	2	2	2	6	3	6	Null	2021-10-19	2021-10-19
	18	23	3	27	CLOSE	DHGI-2053	97	130P0155	1	2	2	2	6	3	6	Null	2021-10-19	2021-10-19
	18	23	3	27	CLOSE	DHGI-2054	112	506940	1	2	2	2	45	3	6	Null	2021-10-19	2021-10-19
	18	23	3	27	CLOSE	DHGI-2055	112	517199	1	2	2	2	45	3	6	Null	2021-10-19	2021-10-19
	18	23	3	27	CLOSE	DHGI-2056	98	332J2225	1	2	2	2	30	3	6	Null	2021-10-19	2021-10-19
	18	23	3	27	CLOSE	DHGI-2057	98	332J2231	1	2	2	2	30	3	6	Null	2021-10-19	2021-10-19
	18	23	3	27	CLOSE	DHGI-2058	97	228T1043	1	2	3	2	6	4	6	13	2021-10-19	2021-10-19
	18	23	3	27	CLOSE	DHGI-2059	97	232J1079	1	2	2	2	30	3	6	Null	2021-10-19	2021-10-19
	18	23	3	27	CLOSE	DHGI-2060	97	132J0204	1	2	2	2	30	3	6	Null	2021-10-19	2021-10-19
	18	23	3	27	CLOSE	DHGI-2061	97	130P0170	1	2	2	2	6	3	6	Null	2021-10-19	2021-10-19
	18	23	3	27	CLOSE	DHGI-2062	98	332J2230	1	2	2	2	30	3	6	Null	2021-10-19	2021-10-19
	18	23	3	27	CLOSE	DHGI-2063	98	332J2227	1	2	2	2	30	3	6	Null	2021-10-19	2021-10-19
	18	23	3	27	CLOSE	DHGI-2064	106	7045	1	2	3	2	45	3	6	9	2021-10-19	2021-10-19
	18	23	3	27	CLOSE	DHGI-2065	106	10023/10024	1	2	2	2	45	3	6	9	2021-10-19	2021-10-19
	18	23	3	27	CLOSE	DHGI-2066	98	332J2246	1	2	2	2	30	3	6	Null	2021-10-19	2021-10-19
	18	23	3	27	CLOSE	DHGI-2067	98	332J2261	1	2	2	2	30	3	6	Null	2021-10-19	2021-10-19
	18	23	3	27	CLOSE	DHGI-2068	98	332J2262	2	2	2	2	30	3	6	14	2021-10-19	2021-10-19
	18	23	3	27	CLOSE	DHGI-2068T	98	332J2262-T	1	2	2	2	30	4	6	Null	2021-10-19	2021-10-19
	18	23	3	27	CLOSE	DHGI-2069	98	332J2263	5	2	2	2	30	2	6	14	2021-10-19	2021-10-19
	18	23	3	27	CLOSE	DHGI-2069T	98	332J2263-T	1	2	2	2	30	4	6	Null	2021-10-19	2021-10-19
	18	23	3	27	CLOSE	DHGI-2070	97	132J0245	5	2	2	2	30	3	6	14	2021-10-19	2021-10-19
	18	23	3	27	CLOSE	DHGI-2071	97	228T1043-1	1	2	3	2	6	3	6	13	2021-10-19	2021-10-19
	18	23	3	27	CLOSE	DHGI-2073	97	132J0288	5	2	2	2	30	4	6	14	2021-10-19	2021-10-19
	18	23	3	27	OPEN	DHGI-2074	97	332J2271	2	2	2	2	30	3	6	13	2021-10-19	2021-10-19
	18	23	3	27	OPEN	DHGI-2074T	97	332J2271-T	2	2	2	2	30	4	6	13	2021-10-19	2021-10-19
	18	23	3	27	OPEN	DHGI-2075	97	332J2278	2	2	2	2	30	3	6	13	2021-10-19	2021-10-19
	18	23	3	27	CLOSE	DHGI-2075T	97	332J2278-T	2	2	2	2	30	4	6	13	2021-10-19	2021-10-19
	18	23	3	27	OPEN	DHGI-2076	97	332J2272	2	2	2	2	30	3	6	13	2021-10-19	2021-10-19
	18	23	3	27	OPEN	DHGI-2076T	97	332J2272-T	2	2	2	2	30	4	6	13	2021-10-19	2021-10-19
	18	23	3	27	OPEN	DHGI-2077	98	332J2295	2	2	2	2	30	3	6	13	2021-10-19	2021-10-19
	18	23	3	27	CLOSE	DHGI-2077T	98	332J2295-T	2	2	2	2	30	4	6	13	2021-10-19	2021-10-19
	18	23	3	27	OPEN	DHGI-2078	98	332J2277	2	2	2	2	30	3	6	13	2021-10-19	2021-10-19
	18	23	3	27	CLOSE	DHGI-2078T	98	332J2277-T	2	2	2	2	30	4	6	13	2021-10-19	2021-10-19
	18	23	3	27	CLOSE	DHGI-2079T	98	332J2297	2	2	2	2	30	4	6	13	2021-10-19	2021-10-19
	18	23	3	27	OPEN	DHGI-2080	97	232J1093	2	2	3	2	30	3	6	14	2021-10-19	2021-10-19
	18	23	3	27	CLOSE	DHGI-2081	97	232J1095	2	2	3	2	30	3	6	14	2021-10-19	2021-10-19
	18	23	3	27	CLOSE	DHGI-2082	98	332J2308	2	2	2	2	30	3	6	13	2021-10-19	2021-10-19
	18	23	3	27	CLOSE	DHGI-2083	97	332J2280	2	2	2	2	30	3	6	13	2021-10-19	2021-10-19
	18	23	3	27	CLOSE	DHGI-2084	97	232J1112	2	2	3	2	30	3	6	13	2021-10-19	2021-10-19
	18	23	3	27	CLOSE	DHGI-2085	97	177J0012	2	2	2	2	30	3	6	14	2021-10-19	2021-10-19
	18	23	3	27	CLOSE	DHGI-2086	97	177J0015	2	2	2	2	30	3	6	13	2021-10-19	2021-10-19
	18	23	3	27	CLOSE	DHGI-2087	97	332J2282	2	2	2	2	30	3	6	13	2021-10-19	2021-10-19
	18	23	3	27	OPEN	DHGI-2088	97	332J2307	6	2	2	2	30	3	6	13	2021-10-19	2021-10-19
	18	23	3	27	OPEN	DHGI-2089	97	132J0329	4	2	2	2	30	3	6	14	2021-10-19	2021-10-19
	18	23	3	27	OPEN	DHGI-2090	98	332J2334	1	3	2	2	30	3	6	13	2021-10-19	2021-10-19
	18	23	3	27	CLOSE	DHGI-2091	98	332J2337	1	3	2	2	30	3	6	13	2021-10-19	2021-10-19
	18	23	3	27	OPEN	DHGI-2092	98	332J2325	1	3	2	2	30	3	6	13	2021-10-19	2021-10-19
	18	23	3	27	OPEN	DHGI-2102	112	521530	1	3	2	2	45	3	6	12	2021-10-19	2021-10-19
	18	23	3	27	OPEN	DHGI-2103	112	521782	1	3	2	2	45	3	6	12	2021-10-19	2021-10-19
	18	23	3	27	OPEN	DHGI-2104	112	521725	1	3	2	2	45	3	6	12	2021-10-19	2021-10-19
	18	23	3	27	OPEN	DHGI-2105	112	517199-1	1	3	2	2	45	3	6	12	2021-10-19	2021-10-19
	18	23	3	27	OPEN	DHGI-2106	112	522199	1	3	2	2	45	3	6	12	2021-10-19	2021-10-19
	18	23	3	27	OPEN	DHGI-2107	112	522200	1	3	2	2	45	3	6	12	2021-10-19	2021-10-19
	18	23	3	27	OPEN	DHGI-2108	112	522213	1	3	2	2	45	3	6	12	2021-10-19	2021-10-19
	18	23	3	27	OPEN	DHGI-2109	112	522205	1	3	2	2	45	3	6	12	2021-10-19	2021-10-19
	18	23	3	27	OPEN	DHGI-2110	112	522214	1	3	2	2	45	3	6	12	2021-10-19	2021-10-19
	18	23	3	27	OPEN	DHGI-2111	112	522215	1	3	2	2	45	3	6	12	2021-10-19	2021-10-19
	18	23	3	27	CLOSE	DHGI-2112	98	344J2308	1	3	12	2	30	3	6	13	2021-10-19	2021-10-19
	18	23	3	27	OPEN	DHGI-2113	97	133S0146	1	3	2	2	45	3	6	14	2021-10-19	2021-10-19
	18	23	3	27	OPEN	DHGI-2113T	97	133S0146-T	1	3	2	2	45	4	6	14	2021-10-19	2021-10-19
	18	23	3	27	OPEN	DHGI-2114	97	133S0148	1	3	2	2	45	3	6	14	2021-10-19	2021-10-19
	18	23	3	27	OPEN	DHGI-2114T	97	133S0148-T	1	3	2	2	45	4	6	14	2021-10-19	2021-10-19
	18	23	3	27	OPEN	DHGI-2115	97	133S0149	1	3	2	2	45	3	6	14	2021-10-19	2021-10-19
	18	23	3	27	OPEN	DHGI-2115T	97	133S0149-T	1	3	2	2	45	4	6	14	2021-10-19	2021-10-19
	18	23	3	27	OPEN	DHGI-2116	97	133S0150	1	3	2	2	45	3	6	14	2021-10-19	2021-10-19
	18	23	3	27	OPEN	DHGI-2116T	97	133S0150-T	1	3	2	2	45	4	6	14	2021-10-19	2021-10-19
	18	23	3	27	OPEN	DHGI-2117	97	133S0151	1	3	2	2	45	3	6	14	2021-10-19	2021-10-19
	18	23	3	27	OPEN	DHGI-2117T	97	133S0151-T	1	3	2	2	45	4	6	14	2021-10-19	2021-10-19
	18	23	3	27	OPEN	DHGI-2118	97	133S0153	1	3	2	2	45	3	6	14	2021-10-19	2021-10-19
	18	23	3	27	OPEN	DHGI-2118T	97	133S0153-T	1	3	2	2	45	4	6	14	2021-10-19	2021-10-19
	18	23	3	27	OPEN	DHGI-2119T	97	133S0154	3	3	2	2	45	4	6	14	2021-10-19	2021-10-19
	18	23	3	27	CLOSE	DHGI-2120	98	332J2335	1	3	2	2	30	3	6	13	2021-10-19	2021-10-19
	18	23	3	27	OPEN	DHGI-2121	98	332J2321	1	3	2	2	30	3	6	13	2021-10-19	2021-10-19
	18	23	3	27	CLOSE	DHGI-2122	98	332J2328	1	3	2	2	30	3	6	13	2021-10-19	2021-10-19
	18	23	3	27	OPEN	DHGI-2123	106	Jan-45	1	3	3	2	45	3	6	12	2021-10-19	2021-10-19
	18	23	3	27	OPEN	DHGI-2124	98	332J2330	1	3	2	2	30	3	6	13	2021-10-19	2021-10-19
	18	23	3	27	OPEN	DHGI-2125	98	332J2355	3	3	2	2	30	3	6	13	2021-10-19	2021-10-19
	18	23	3	27	OPEN	DHGI-2126	98	332J2334B	3	3	2	2	30	3	6	13	2021-10-19	2021-10-19
	18	23	3	27	OPEN	DHGI-2127	98	344J2322	3	3	12	2	30	3	6	13	2021-10-19	2021-10-19
	18	23	3	27	OPEN	DHGI-2128	98	332J2351	3	3	2	2	30	3	6	13	2021-10-19	2021-10-19
	18	23	3	27	OPEN	DHGI-2129	97	133S0155	1	3	2	2	45	3	6	14	2021-10-19	2021-10-19
	18	23	3	27	OPEN	DHGI-2131	97	132J0384	6	3	2	2	30	3	6	14	2021-10-19	2021-10-19
	18	23	3	27	OPEN	DHGI-2131T	97	132J0384-T	6	3	2	2	30	4	6	13	2021-10-19	2021-10-19
	18	23	3	27	OPEN	DHGI-2132T	97	132J0388	6	3	2	2	30	4	6	13	2021-10-19	2021-10-19
	18	23	3	27	OPEN	DHGI-2133	98	332J2362	5	3	2	2	30	3	6	13	2021-10-19	2021-10-19
	18	23	3	27	OPEN	DHGI-2133T	98	332J2362-T	5	3	2	2	30	4	6	13	2021-10-19	2021-10-19
	18	23	3	27	OPEN	DHGI-2134	98	332J2369	5	3	2	2	30	3	6	Null	2021-10-19	2021-10-19
	18	23	3	27	OPEN	DHGI-2134T	98	332J2369-T	5	3	2	2	30	4	6	13	2021-10-19	2021-10-19
	18	23	3	27	OPEN	DHGI-2135	98	344J2362	3	3	12	2	30	3	6	13	2021-10-19	2021-10-19
	18	23	3	27	OPEN	DHGI-2136	97	177J0022	5	3	2	2	30	3	6	13	2021-10-19	2021-10-19
	18	23	3	27	OPEN	DHGI-2137	97	177J0023	5	3	2	2	30	3	6	13	2021-10-19	2021-10-19
	18	23	3	27	OPEN	DHGI-2138	98	332J2368	5	3	2	2	30	3	6	13	2021-10-19	2021-10-19
	18	23	3	27	OPEN	DHGI-2139	97	132J0417	6	3	2	2	30	3	6	13	2021-10-19	2021-10-19
	18	23	3	27	OPEN	DHGI-2140	97	133S0156	1	3	2	2	45	3	6	14	2021-10-19	2021-10-19
	18	23	3	27	OPEN	DHGI-2141	98	332J2397	4	3	2	2	30	3	6	13	2021-10-19	2021-10-19
	18	23	3	27	OPEN	DHGI-2141T	98	332J2397-T	4	3	2	2	30	4	6	13	2021-10-19	2021-10-19
	18	23	3	27	OPEN	DHGI-2142	98	332J2399	4	3	2	2	30	3	6	13	2021-10-19	2021-10-19
	18	23	3	27	OPEN	DHGI-2142T	98	332J2399-T	4	3	2	2	30	4	6	13	2021-10-19	2021-10-19
	18	23	3	27	OPEN	DHGI-2143	98	332J2400	4	3	2	2	30	3	6	13	2021-10-19	2021-10-19
	18	23	3	27	OPEN	DHGI-2143T	98	332J2400-T	4	3	2	2	30	4	6	13	2021-10-19	2021-10-19
	18	23	3	27	OPEN	DHGI-2144	98	332J2411	4	3	2	2	30	3	6	14	2021-10-19	2021-10-19
	18	23	3	27	OPEN	DHGI-2144T	98	332J2411-T	4	3	2	2	30	4	6	14	2021-10-19	2021-10-19
	18	23	3	27	OPEN	DHGI-2145	98	332J2422	4	3	2	2	30	3	6	14	2021-10-19	2021-10-19
	18	23	3	27	OPEN	DHGI-2145T	98	332J2422-T	4	3	2	2	30	4	6	14	2021-10-19	2021-10-19
	18	23	3	27	OPEN	DHGI-2146	97	132J0431	4	3	2	2	30	3	6	14	2021-10-19	2021-10-19
	18	23	3	27	OPEN	DHGI-2146T	97	132J0431-T	4	3	2	2	30	4	6	14	2021-10-19	2021-10-19
	18	23	3	27	OPEN	DHGI-2147	98	344J2342	4	3	12	2	30	3	6	13	2021-10-19	2021-10-19
	18	23	3	27	OPEN	DHGI-2147T	98	344J2342-T	4	3	12	2	30	4	6	13	2021-10-19	2021-10-19
	18	23	3	27	OPEN	DHGI-2148	98	344J2352	4	3	12	2	30	3	6	13	2021-10-19	2021-10-19
	18	23	3	27	OPEN	DHGI-2148T	98	344J2352-T	4	3	12	2	30	4	6	13	2021-10-19	2021-10-19
	18	23	3	27	OPEN	DHGI-2149	112	506896	3	3	2	2	45	3	6	12	2021-10-19	2021-10-19
	18	23	3	27	OPEN	DHGI-2150	97	144J0556	4	3	12	2	30	3	6	13	2021-10-19	2021-10-19
	18	23	3	27	OPEN	DHGI-2150T	97	144J0556-T	4	3	12	2	30	4	6	13	2021-10-19	2021-10-19
	18	23	3	27	OPEN	DHGI-2151	98	332J2402	4	3	2	2	30	3	6	13	2021-10-19	2021-10-19
	18	23	3	27	OPEN	DHGI-2152	98	332J2337-1	5	3	2	2	30	3	6	13	2021-10-19	2021-10-19
	18	23	3	27	OPEN	DHGI-2153	97	244J1111	4	3	4	2	30	3	6	13	2021-10-19	2021-10-19
	18	23	3	27	OPEN	DHGI-2154	97	244J1116	4	3	4	2	30	3	6	13	2021-10-19	2021-10-19
	18	23	3	27	OPEN	DHGI-2155	97	232J1128	4	3	4	2	30	3	6	13	2021-10-19	2021-10-19
	18	23	3	27	OPEN	DHGI-2156	98	344J2356	4	3	12	2	30	3	6	13	2021-10-19	2021-10-19
	18	23	3	27	OPEN	DHGI-2157	97	133S0157	3	3	2	2	45	3	6	13	2021-10-19	2021-10-19
	18	23	3	27	OPEN	DHGI-2158	98	344J2367	4	3	12	2	30	3	6	13	2021-10-19	2021-10-19
	18	23	3	27	OPEN	DHGI-2159	98	332J2404	4	3	2	2	30	3	6	13	2021-10-19	2021-10-19
	18	23	3	27	OPEN	DHGI-2160	98	344J2403	1	4	12	2	30	3	6	13	2021-10-19	2021-10-19
	18	23	3	27	OPEN	DHGI-2160T	98	344J2403-T	3	4	12	2	30	4	6	13	2021-10-19	2021-10-19
	18	23	3	27	OPEN	DHGI-2161T	98	332J2443	3	4	2	2	30	4	6	13	2021-10-19	2021-10-19
	18	23	3	27	OPEN	DHGI-2162	97	133S0158	1	4	2	2	45	3	6	13	2021-10-19	2021-10-19
	18	23	3	27	OPEN	DHGI-2162T	97	133S0158-T	1	4	2	2	45	4	6	13	2021-10-19	2021-10-19
	18	23	3	27	OPEN	DHGI-2163T	97	133S0161	1	4	2	2	45	4	6	13	2021-10-19	2021-10-19
	18	23	3	27	OPEN	DHGI-2164	97	133S0163	1	4	2	2	45	3	6	13	2021-10-19	2021-10-19
	18	23	3	27	OPEN	DHGI-2164T	97	133S0163-T	1	4	2	2	45	4	6	13	2021-10-19	2021-10-19
	18	23	3	27	OPEN	DHGI-2165	97	133S0164	1	4	2	2	45	3	6	13	2021-10-19	2021-10-19
	18	23	3	27	OPEN	DHGI-2165T	97	133S0164-T	1	4	2	2	45	4	6	13	2021-10-19	2021-10-19
	18	23	3	27	OPEN	DHGI-2166T	97	133S0169	1	4	2	2	45	4	6	13	2021-10-19	2021-10-19
	18	23	3	27	OPEN	DHGI-2167	97	133S0170	1	4	2	2	45	4	6	Null	2021-10-19	2021-10-19
	18	23	3	27	OPEN	DHGI-2167T	97	133S0170-T	1	4	2	2	45	4	6	13	2021-10-19	2021-10-19
	18	23	3	27	OPEN	DHGI-2168	97	132J0456	6	3	2	2	30	3	6	13	2021-10-19	2021-10-19
	18	23	3	27	OPEN	DHGI-2169	112	MR1305	1	4	2	2	45	3	6	12	2021-10-19	2021-10-19
	18	23	3	27	OPEN	DHGI-2170	112	M BOARD SHORT	1	4	2	2	45	3	6	12	2021-10-19	2021-10-19
	18	23	3	27	OPEN	DHGI-2171	112	M 8 VOLLEY	1	4	2	2	45	3	6	12	2021-10-19	2021-10-19
	18	23	3	27	OPEN	DHGI-2172	112	M 6 VOLLEY	1	4	2	2	45	3	6	12	2021-10-19	2021-10-19
	18	23	3	27	OPEN	DHGI-2173	112	M SUNSET	1	4	2	2	45	3	6	12	2021-10-19	2021-10-19
	18	23	3	27	OPEN	DHGI-2174	112	M QUICK DRY	1	4	2	2	45	3	6	12	2021-10-19	2021-10-19
	18	23	3	27	OPEN	DHGI-2175	112	M SPORTSHORT	1	4	2	2	45	3	6	12	2021-10-19	2021-10-19
	18	23	3	27	OPEN	DHGI-2176	112	B SOLID TRUNK	1	4	3	2	45	3	6	12	2021-10-19	2021-10-19
	18	23	3	27	OPEN	DHGI-2177	112	B PRINT TRUNK	1	4	3	2	45	3	6	12	2021-10-19	2021-10-19
	18	23	3	27	OPEN	DHGI-2178	112	B COLOR BLOCK	1	4	3	2	45	3	6	12	2021-10-19	2021-10-19
	18	23	3	27	OPEN	DHGI-2179	112	B CARGO TRUNK	1	4	3	2	45	3	6	12	2021-10-19	2021-10-19
	18	23	3	27	OPEN	DHGI-2180	112	B ACTIVE	1	4	3	2	45	3	6	12	2021-10-19	2021-10-19
	18	23	3	27	OPEN	DHGI-2181	112	W SPORT SHORT	1	4	12	2	45	3	6	12	2021-10-19	2021-10-19
	18	23	3	27	OPEN	DHGI-2182	98	344J2394	1	4	12	2	30	3	6	12	2021-10-19	2021-10-19
	18	23	3	27	OPEN	DHGI-2183	98	332J2452	1	4	2	2	30	3	6	12	2021-10-19	2021-10-19
	18	23	3	27	OPEN	DHGI-2184	98	332J2449	1	4	2	2	30	3	6	12	2021-10-19	2021-10-19
	18	23	3	27	OPEN	DHGI-2185	98	332J2451	1	4	2	2	30	3	6	12	2021-10-19	2021-10-19
	18	23	3	27	OPEN	DHGI-2186	98	332J2381	1	4	2	2	30	3	6	14	2021-10-19	2021-10-19
	18	23	3	27	OPEN	DHGI-2187	97	133S0168	1	4	2	2	45	3	6	Null	2021-10-19	2021-10-19
	18	23	3	27	OPEN	DHGI-2188	97	133S0172	1	4	2	2	45	3	6	Null	2021-10-19	2021-10-19
	18	23	3	27	OPEN	DHGI-2189	97	133S0165	1	4	2	2	45	3	6	Null	2021-10-19	2021-10-19
	18	23	3	27	OPEN	DHGI-2189T	97	133S0165-T	1	4	2	2	45	3	6	Null	2021-10-19	2021-10-19
	18	23	3	27	OPEN	DHGI-2190	97	133S0175	1	4	2	2	45	3	6	13	2021-10-19	2021-10-19
	18	23	3	27	OPEN	DHGI-2190T	97	133S0175-T	1	4	2	2	45	3	6	Null	2021-10-19	2021-10-19
	18	23	3	27	OPEN	DHGI-2191	97	133S0178	1	4	2	2	45	3	6	Null	2021-10-19	2021-10-19
	18	23	3	27	OPEN	DHGI-2191T	97	133S0178-T	1	4	2	2	45	3	6	Null	2021-10-19	2021-10-19
	18	23	3	27	OPEN	DHGI-2192	112	WOVEN HOODED JACKET	3	4	12	2	45	3	6	Null	2021-10-19	2021-10-19
	18	23	3	27	OPEN	DHGI-2193	98	344J2426	3	4	12	2	30	3	6	13	2021-10-19	2021-10-19
	18	23	3	27	OPEN	DHGI-2194T	97	133S0184	1	4	2	2	45	3	6	Null	2021-10-19	2021-10-19
	18	23	3	27	OPEN	DHGI-2195	97	133S0185	1	4	2	2	45	3	6	Null	2021-10-19	2021-10-19
	18	23	3	27	OPEN	DHGI-2195T	97	133S0185-T	1	4	2	2	45	3	6	Null	2021-10-19	2021-10-19
	18	23	3	27	OPEN	DHGI-2196	98	332J2467	3	4	2	2	30	3	6	13	2021-10-19	2021-10-19
	18	23	3	27	OPEN	DHGI-2197	98	332J2464	3	4	2	2	30	3	6	13	2021-10-19	2021-10-19
	18	23	3	27	OPEN	DHGI-2198	97	133S0186	1	4	2	2	45	3	6	Null	2021-10-19	2021-10-19
	18	23	3	27	CLOSE	DHGI-9101	97	133S0105	1	1	2	2	45	3	6	2	2021-10-19	2021-10-19
	18	23	3	27	CLOSE	DHGI-9102	97	133S0106	1	1	2	2	45	3	6	2	2021-10-19	2021-10-19
	18	23	3	27	CLOSE	DHGI-9103	97	133S0107	1	1	2	2	45	3	6	2	2021-10-19	2021-10-19
	18	23	3	27	CLOSE	DHGI-9104	97	133S0108	1	1	2	2	45	3	6	13	2021-10-19	2021-10-19
	18	23	3	27	CLOSE	DHGI-9105	97	133S0109	1	1	2	2	45	3	6	13	2021-10-19	2021-10-19
	18	23	3	27	CLOSE	DHGI-9106	97	133S0111	1	1	2	2	45	3	6	13	2021-10-19	2021-10-19
	18	23	3	27	CLOSE	DHGI-9107	97	133S0118	1	1	2	2	45	3	6	2	2021-10-19	2021-10-19
	18	23	3	27	CLOSE	DHGI-9108	97	133S0119	1	1	2	2	45	3	6	2	2021-10-19	2021-10-19
	18	23	3	27	CLOSE	DHGI-9109	98	344J2049	1	1	12	2	30	3	6	13	2021-10-19	2021-10-19
	18	23	3	27	CLOSE	DHGI-9111	97	244J1040	6	1	4	2	30	3	6	13	2021-10-19	2021-10-19
	18	23	3	27	CLOSE	DHGI-9112	98	344J2123	6	1	12	2	30	3	6	13	2021-10-19	2021-10-19
	18	23	3	27	CLOSE	DHGI-9113	98	344J2125	6	1	12	2	30	3	6	13	2021-10-19	2021-10-19
	18	23	3	27	CLOSE	DHGI-9114	97	144J0223	6	1	12	2	30	3	6	2	2021-10-19	2021-10-19
	18	23	3	27	CLOSE	DHGI-9115	97	144J0200	2	1	12	2	30	3	6	2	2021-10-19	2021-10-19
	18	23	3	27	CLOSE	DHGI-9116	97	144J0228	2	1	12	2	30	4	6	2	2021-10-19	2021-10-19
	18	23	3	27	CLOSE	DHGI-9116T	97	144J0228-T	2	1	12	2	30	4	6	2	2021-10-19	2021-10-19
	18	23	3	27	CLOSE	DHGI-9117	97	144J0250	2	1	12	2	30	4	6	10	2021-10-19	2021-10-19
	18	23	3	27	CLOSE	DHGI-9117T	97	144J0250-T	2	1	12	2	30	4	6	10	2021-10-19	2021-10-19
	18	23	3	27	CLOSE	DHGI-9118	98	344J2131	2	1	12	2	30	4	6	13	2021-10-19	2021-10-19
	18	23	3	27	CLOSE	DHGI-9118T	98	344J2131-T	2	1	12	2	30	4	6	13	2021-10-19	2021-10-19
	18	23	3	27	CLOSE	DHGI-9120	98	344J2155	2	1	12	2	30	4	6	13	2021-10-19	2021-10-19
	18	23	3	27	CLOSE	DHGI-9120T	98	344J2155-T	2	1	12	2	30	4	6	13	2021-10-19	2021-10-19
	18	23	3	27	CLOSE	DHGI-9121	98	344J2154	2	1	12	2	30	4	6	13	2021-10-19	2021-10-19
	18	23	3	27	CLOSE	DHGI-9121T	98	344J2154-T	2	1	12	2	30	4	6	13	2021-10-19	2021-10-19
	18	23	3	27	CLOSE	DHGI-9122	98	344J2139	2	1	12	2	30	4	6	13	2021-10-19	2021-10-19
	18	23	3	27	CLOSE	DHGI-9122T	98	344J2139-T	2	1	12	2	30	4	6	13	2021-10-19	2021-10-19
	18	23	3	27	CLOSE	DHGI-9123	98	344J2140	2	1	12	2	30	4	6	13	2021-10-19	2021-10-19
	18	23	3	27	CLOSE	DHGI-9123T	98	344J2140-T	2	1	12	2	30	4	6	13	2021-10-19	2021-10-19
	18	23	3	27	CLOSE	DHGI-9124	98	344J2141	2	1	12	2	30	3	6	13	2021-10-19	2021-10-19
	18	23	3	27	CLOSE	DHGI-9125	97	144J0211	2	1	12	2	30	3	6	10	2021-10-19	2021-10-19
	18	23	3	27	CLOSE	DHGI-9126	97	144J0216	2	1	12	2	30	3	6	10	2021-10-19	2021-10-19
	18	23	3	27	CLOSE	DHGI-9127	97	244J1054	2	1	12	2	30	3	6	13	2021-10-19	2021-10-19
	18	23	3	27	CLOSE	DHGI-9128T	98	344J2219-T-1	1	2	12	2	30	4	6	Null	2021-10-19	2021-10-19
	18	23	3	27	CLOSE	DHGI-9301T	98	332J2077	1	1	2	2	30	4	6	2	2021-10-19	2021-10-19
	18	23	3	27	CLOSE	DHGI-9302T	98	332J2081	1	1	2	2	30	4	6	2	2021-10-19	2021-10-19
	18	23	3	27	CLOSE	DHGI-9303T	98	332J2062	1	1	2	2	30	4	6	2	2021-10-19	2021-10-19
	18	23	3	27	CLOSE	DHGI-9304	98	332J2064	1	1	2	2	30	4	6	10	2021-10-19	2021-10-19
	18	23	3	27	CLOSE	DHGI-9304T	98	332J2064-T	1	1	2	2	30	4	6	2	2021-10-19	2021-10-19
	18	23	3	27	CLOSE	DHGI-9305T	98	332J2098	1	1	2	2	30	4	6	13	2021-10-19	2021-10-19
	18	23	3	27	CLOSE	DHGI-9306T	97	132J0071	1	1	2	2	30	4	6	2	2021-10-19	2021-10-19
	18	23	3	27	CLOSE	DHGI-9307T	98	332J2092	1	1	2	2	30	4	6	13	2021-10-19	2021-10-19
	18	23	3	27	CLOSE	DHGI-9308T	98	332J2094	1	1	2	2	30	4	6	13	2021-10-19	2021-10-19
	18	23	3	27	CLOSE	DHGI-9310	98	332J2136	6	1	2	2	30	4	6	13	2021-10-19	2021-10-19
	18	23	3	27	CLOSE	DHGI-9310T	98	332J2136-T	6	1	2	2	30	4	6	13	2021-10-19	2021-10-19
	18	23	3	27	CLOSE	DHGI-9311T	98	332J2155	6	1	2	2	30	4	6	13	2021-10-19	2021-10-19
	18	23	3	27	CLOSE	DHGI-9312	98	332J2138	6	1	2	2	30	4	6	13	2021-10-19	2021-10-19
	18	23	3	27	CLOSE	DHGI-9312A	98	332J2138-1	6	1	2	2	30	4	6	13	2021-10-19	2021-10-19
	18	23	3	27	CLOSE	DHGI-9312T	98	332J2138-T	6	1	2	2	30	4	6	13	2021-10-19	2021-10-19
	18	23	3	27	CLOSE	DHGI-9313	97	132J0119	6	1	2	2	30	3	6	14	2021-10-19	2021-10-19
	18	23	3	27	CLOSE	DHGI-9314	98	332J2166	2	1	2	2	30	4	6	13	2021-10-19	2021-10-19
	18	23	3	27	CLOSE	DHGI-9314T	98	332J2166-T	2	1	2	2	30	4	6	13	2021-10-19	2021-10-19
	18	23	3	27	CLOSE	DHGI-9315	98	332J2168	2	1	2	2	30	4	6	13	2021-10-19	2021-10-19
	18	23	3	27	CLOSE	DHGI-9315T	98	332J2168-T	2	1	2	2	30	4	6	13	2021-10-19	2021-10-19
	18	23	3	27	CLOSE	DHGI-9316	98	332J2169	2	1	2	2	30	4	6	13	2021-10-19	2021-10-19
	18	23	3	27	CLOSE	DHGI-9316T	98	332J2169-T	2	1	2	2	30	4	6	13	2021-10-19	2021-10-19
	18	23	3	27	CLOSE	DHGI-9317	98	332J2170	2	1	2	2	30	4	6	13	2021-10-19	2021-10-19
	18	23	3	27	CLOSE	DHGI-9317T	98	332J2170-T	2	1	2	2	30	4	6	13	2021-10-19	2021-10-19
	18	23	3	27	CLOSE	DHGI-9318	98	332J2171	2	1	2	2	30	3	6	13	2021-10-19	2021-10-19
	18	23	3	27	CLOSE	DHGI-9319	98	332J2174	2	1	2	2	30	4	6	13	2021-10-19	2021-10-19
	18	23	3	27	CLOSE	DHGI-9319T	98	332J2174-T	2	1	2	2	30	4	6	13	2021-10-19	2021-10-19
	18	23	3	27	CLOSE	DHGI-9320T	98	332J2177	2	1	2	2	30	4	6	13	2021-10-19	2021-10-19
	18	23	3	27	CLOSE	DHGI-9321T	98	332J2181	2	1	2	2	30	4	6	13	2021-10-19	2021-10-19
	18	23	3	27	CLOSE	DHGI-9322T	98	332J2191	2	1	2	2	30	4	6	13	2021-10-19	2021-10-19
	18	23	3	27	CLOSE	DHGI-9323	97	232J1054	2	1	2	2	30	4	6	14	2021-10-19	2021-10-19
	18	23	3	27	CLOSE	DHGI-9323T	97	232J1054-T	2	1	2	2	30	4	6	14	2021-10-19	2021-10-19
	18	23	3	27	CLOSE	DHGI-9324	98	332J2172	2	1	2	2	30	3	6	13	2021-10-19	2021-10-19
	18	23	3	27	CLOSE	DHGI-9325	97	132J0134	2	1	2	2	30	3	6	13	2021-10-19	2021-10-19
	18	23	3	27	CLOSE	DHGI-9326	97	132J0170	2	1	2	2	30	3	6	13	2021-10-19	2021-10-19
	18	23	3	27	CLOSE	DHGI-9327	97	132J0145	2	1	2	2	30	3	6	14	2021-10-19	2021-10-19
	18	23	3	27	CLOSE	DHGI-9328	98	332J2188	2	1	2	2	30	3	6	13	2021-10-19	2021-10-19
	18	23	3	27	CLOSE	DHGI-9329	97	130P0146	2	1	2	2	30	3	6	13	2021-10-19	2021-10-19
	18	23	3	27	CLOSE	DHGI-9330	97	132J0201	1	2	2	2	30	4	6	Null	2021-10-19	2021-10-19
	18	23	3	29	OPEN	DHGK-2100	84	1788	3	4	12	1	45	3	6	30	2021-10-19	2021-10-19
	18	23	3	29	OPEN	DHGK-2101	84	1784	3	4	12	1	45	3	6	30	2021-10-19	2021-10-19
	18	23	3	29	OPEN	DHGK-2102	112	477662	3	4	12	1	45	3	6	30	2021-10-19	2021-10-19
	18	23	3	29	OPEN	DHGK-2103	84	1780	3	4	12	1	45	3	6	30	2021-10-19	2021-10-19
	18	23	3	29	OPEN	DHGK-2104	84	1767	3	4	12	1	45	3	6	30	2021-10-19	2021-10-19
	18	23	3	29	OPEN	DHGK-2105	84	1788-1	3	4	12	1	45	3	6	30	2021-10-19	2021-10-19
	18	23	3	29	OPEN	DHGK-2106	84	1792	3	4	12	1	45	3	6	30	2021-10-19	2021-10-19
	18	23	3	29	OPEN	DHGK-2107	84	1794	3	4	12	1	45	3	6	30	2021-10-19	2021-10-19
	18	23	3	29	OPEN	DHGK-2108	84	8953	3	4	12	1	45	3	6	30	2021-10-19	2021-10-19
	18	23	3	29	OPEN	DHGK-2109	114	2587	3	4	12	1	45	3	6	30	2021-10-19	2021-10-19
	18	23	3	29	OPEN	DHGK-2110	113	JCX0110	3	4	12	1	45	3	6	32	2021-10-19	2021-10-19
	18	23	3	29	OPEN	DHGK-2111	113	JCX0111	3	4	12	1	45	3	6	32	2021-10-19	2021-10-19
	18	23	3	29	OPEN	DHGK-2112	113	JCX0116	3	4	12	1	45	3	6	32	2021-10-19	2021-10-19
	18	23	3	29	OPEN	DHGK-2113	113	JCX0135	3	4	12	1	45	3	6	30	2021-10-19	2021-10-19
	18	23	3	29	OPEN	DHGK-2113-1	113	JCX0135-1	3	4	12	1	45	3	6	30	2021-10-19	2021-10-19
	18	23	3	29	OPEN	DHGK-2114	113	JCX21001	3	4	12	1	45	3	6	32	2021-10-19	2021-10-19
	18	23	3	29	OPEN	DHGK-2115	113	JCX21203	3	4	12	1	45	3	6	30	2021-10-19	2021-10-19
	18	23	3	29	OPEN	DHGK-2116	113	JCX21706	3	4	12	1	45	3	6	32	2021-10-19	2021-10-19
	18	23	3	29	OPEN	DHGK-2117	113	JCX21715	3	4	12	1	45	3	6	30	2021-10-19	2021-10-19
	18	23	3	29	OPEN	DHGK-2118	113	JCX22002	3	4	12	1	45	3	6	32	2021-10-19	2021-10-19
	18	23	3	29	OPEN	DHGK-2119	113	JCX22200	3	4	12	1	45	3	6	32	2021-10-19	2021-10-19
	18	23	3	29	OPEN	DHGK-2120	113	JCX22301	3	4	12	1	45	3	6	30	2021-10-19	2021-10-19
	18	23	3	29	OPEN	DHGK-2121	113	JCX22501	3	4	12	1	45	3	6	32	2021-10-19	2021-10-19
	18	23	3	29	OPEN	DHGK-2122	113	JCX22507	3	4	12	1	45	3	6	32	2021-10-19	2021-10-19
	18	23	3	29	OPEN	DHGK-2123	113	JCX22802	3	4	12	1	45	3	6	32	2021-10-19	2021-10-19
	18	23	3	29	OPEN	DHGK-2124	113	JCX22803W	3	4	12	1	45	3	6	32	2021-10-19	2021-10-19
	18	23	3	29	OPEN	DHGK-2125	113	JCX22804	3	4	12	1	45	3	6	32	2021-10-19	2021-10-19
	18	23	3	29	OPEN	DHGK-2126	113	JCX22805	3	4	12	1	45	3	6	32	2021-10-19	2021-10-19
	18	23	3	28	CLOSE	DHGV-2001	93	NBM40701Y	4	2	2	2	30	1	6	Null	2021-10-19	2021-10-19
	18	23	3	28	CLOSE	DHGV-2002	93	GM40505Y	4	2	2	2	30	1	6	Null	2021-10-19	2021-10-19
	18	23	3	28	CLOSE	DHGV-2003	93	SM40610Y	4	2	2	2	30	1	6	4	2021-10-19	2021-10-19
	18	23	3	28	CLOSE	DHGV-2004	93	SW30100013444	4	2	4	2	30	1	6	4	2021-10-19	2021-10-19
	18	23	3	28	CLOSE	DHGV-2005	93	SW30100013142	4	2	3	2	30	1	6	4	2021-10-19	2021-10-19
	18	23	3	28	CLOSE	DHGV-2006	93	SW30100013189	4	2	3	2	30	1	6	4	2021-10-19	2021-10-19
	18	23	3	28	CLOSE	DHGV-2007	93	WG30100012814	4	2	4	2	30	1	6	12	2021-10-19	2021-10-19
	18	23	3	28	CLOSE	DHGV-2008	93	NBM40701	3	3	2	2	30	1	6	14	2021-10-19	2021-10-19
	18	23	3	28	CLOSE	DHGV-2009	93	GM40505	3	3	2	2	30	1	6	12	2021-10-19	2021-10-19
	18	23	3	28	OPEN	DHGV-2101	93	GE31100027798	4	3	2	2	30	1	6	12	2021-10-19	2021-10-19
	18	23	3	28	OPEN	DHGV-2102	93	SW32100028966	4	3	3	2	30	1	6	14	2021-10-19	2021-10-19
	18	23	3	28	OPEN	DHGV-2103	93	SW32100028963	4	3	3	2	30	1	6	14	2021-10-19	2021-10-19
	18	23	3	28	OPEN	DHGV-2104	93	SW32100028968	4	3	3	2	30	1	6	14	2021-10-19	2021-10-19
	18	23	3	28	OPEN	DHGV-2105	93	SW32100029031	4	3	4	2	30	1	6	12	2021-10-19	2021-10-19
	18	23	3	28	OPEN	DHGV-2106	93	SW32100029122	4	3	4	2	30	1	6	4	2021-10-19	2021-10-19
	18	23	3	28	OPEN	DHGV-2107	93	SW32100029121	4	3	4	2	30	1	6	4	2021-10-19	2021-10-19
	18	23	3	28	OPEN	DHGV-2108	93	SM40610Y-1	4	3	2	2	30	1	6	4	2021-10-19	2021-10-19
	18	23	3	28	CLOSE	DHGV-9801	93	SM49610Y	4	1	2	2	30	1	6	1	2021-10-19	2021-10-19
	18	23	3	28	CLOSE	DHGV-9802	93	SM49608Y	4	1	2	2	30	1	6	4	2021-10-19	2021-10-19
	18	23	3	28	CLOSE	DHGV-9803	93	GM10221Y	1	2	2	2	30	1	6	9	2021-10-19	2021-10-19
	18	23	3	28	CLOSE	DHGV-9804	93	BW111007701	1	2	3	2	30	1	6	9	2021-10-19	2021-10-19
	18	23	3	28	CLOSE	DHGV-9805	93	BW111007714	1	2	3	2	30	1	6	9	2021-10-19	2021-10-19
	18	23	3	28	CLOSE	LEDA-2001	99	AE1906388	3	1	12	2	6	1	6	Null	2021-10-19	2021-10-19
	18	23	3	28	CLOSE	LEDA-2002	99	WAE65002SP18	4	1	12	2	6	1	6	2	2021-10-19	2021-10-19
	18	23	3	28	CLOSE	LEDA-2003	99	WAE65004SP18-7	3	1	12	2	6	1	6	8	2021-10-19	2021-10-19
	18	23	3	28	CLOSE	LEDA-2004	99	WAE65005SP18-10	3	1	12	2	6	1	6	8	2021-10-19	2021-10-19
	18	23	3	28	CLOSE	LEDA-2005	99	BAE65009SP18	3	1	3	2	6	1	6	6	2021-10-19	2021-10-19
	18	23	3	28	CLOSE	LEDA-2006	99	B-S17SZ6500	3	1	3	2	6	1	6	8	2021-10-19	2021-10-19
	18	23	3	28	CLOSE	LEDA-2007	99	AE19119130	3	2	3	2	6	1	6	8	2021-10-19	2021-10-19
	18	23	3	28	CLOSE	LEDA-2008	99	AE19122116	3	2	3	2	6	1	6	8	2021-10-19	2021-10-19
	18	23	3	28	CLOSE	LEDA-2009	99	BAE65010SP18-2	4	2	3	2	6	1	6	8	2021-10-19	2021-10-19
	18	23	3	28	CLOSE	LEDA-2010	99	WAE65003SP18-3	3	2	12	2	6	1	6	8	2021-10-19	2021-10-19
	18	23	3	28	CLOSE	LEDA-2011	99	WAE65002SP18-1	4	2	12	2	6	1	6	2	2021-10-19	2021-10-19
	18	23	3	28	CLOSE	LEDA-2012	99	WAE65003SP18-4	4	2	12	2	6	1	6	2	2021-10-19	2021-10-19
	18	23	3	28	CLOSE	LEDA-2013	99	WAE65004SP18-8	4	2	12	2	6	1	6	2	2021-10-19	2021-10-19
	18	23	3	28	CLOSE	LEDA-2014	99	WAE65002SP18-2	4	2	12	2	6	3	6	8	2021-10-19	2021-10-19
	18	23	3	28	CLOSE	LEDA-2015	99	WAE65003SP18-5	4	2	12	2	6	3	6	8	2021-10-19	2021-10-19
	18	23	3	28	CLOSE	LEDA-2016	99	WAE65004SP18-9	4	2	12	2	6	3	6	8	2021-10-19	2021-10-19
	18	23	3	28	CLOSE	LEDA-2017	99	WAE65005SP18-11	4	2	12	2	6	3	6	8	2021-10-19	2021-10-19
	18	23	3	28	CLOSE	LEDA-2018	99	AE1906388-1	4	2	12	2	6	3	6	8	2021-10-19	2021-10-19
	18	23	3	28	CLOSE	LEDA-2019	99	AE1917142	4	2	12	2	6	3	6	8	2021-10-19	2021-10-19
	18	23	3	28	CLOSE	LEDA-2020	99	AE1903796	4	2	3	2	6	3	6	8	2021-10-19	2021-10-19
	18	23	3	28	CLOSE	LEDA-2021	99	AE1916252	4	2	12	2	6	3	6	8	2021-10-19	2021-10-19
	18	23	3	28	CLOSE	LEDA-2022	99	AE2011188	4	2	12	2	24	3	6	8	2021-10-19	2021-10-19
	18	23	3	28	OPEN	LEDA-2023	99	AE1901192-1	3	3	12	2	6	3	6	8	2021-10-19	2021-10-19
	18	23	3	28	OPEN	LEDA-2024	99	AE1913254-1	3	3	3	2	6	3	6	8	2021-10-19	2021-10-19
	18	23	3	28	OPEN	LEDA-2025	99	AE1906272-1	3	3	12	2	6	3	6	8	2021-10-19	2021-10-19
	18	23	3	28	OPEN	LEDA-2026	99	BAE65009SP18-1	3	3	3	2	6	3	6	8	2021-10-19	2021-10-19
	18	23	3	28	OPEN	LEDA-2027	99	BAE65010SP18-4	3	3	3	2	6	3	6	8	2021-10-19	2021-10-19
	18	23	3	28	OPEN	LEDA-2028	99	AE1913414-1	3	3	3	2	6	3	6	8	2021-10-19	2021-10-19
	18	23	3	28	OPEN	LEDA-2029	99	AE1902182-1	3	3	3	2	6	3	6	8	2021-10-19	2021-10-19
	18	23	3	28	OPEN	LEDA-2030	99	AE1917142-2	4	3	12	2	6	3	6	8	2021-10-19	2021-10-19
	18	23	3	28	CLOSE	LEDA-9003	99	GAE65012FL18	3	1	4	2	6	1	6	6	2021-10-19	2021-10-19
	18	23	3	28	CLOSE	LEDA-9004	99	GAE65011FL18	3	1	4	2	6	1	6	6	2021-10-19	2021-10-19
	18	23	3	28	CLOSE	LEDA-9005	99	GAE20000FL18	3	1	4	2	6	1	6	6	2021-10-19	2021-10-19
	18	23	3	28	CLOSE	LEDA-9006	99	GAE15008FL18	3	1	4	2	6	1	6	6	2021-10-19	2021-10-19
	18	23	3	28	CLOSE	LEDA-9007	99	BAE65010SP18-3	3	1	3	2	6	1	6	6	2021-10-19	2021-10-19
	18	23	3	28	CLOSE	LEDA-9010	99	WAE65003SP19	4	1	12	2	6	1	6	2	2021-10-19	2021-10-19
	18	23	3	28	CLOSE	LEDA-9011	99	WAE65004SP20	4	1	12	2	6	1	6	2	2021-10-19	2021-10-19
	18	23	3	28	CLOSE	LEDA-9013	99	AE1906272	3	1	12	2	6	1	6	Null	2021-10-19	2021-10-19
	18	23	3	28	CLOSE	LEDA-9014	99	AE1902182	3	1	3	2	6	1	6	2	2021-10-19	2021-10-19
	18	23	3	28	CLOSE	LEDA-9015	99	AE1913182	3	1	3	2	6	1	6	6	2021-10-19	2021-10-19
	18	23	3	28	CLOSE	LEDA-9018	99	AE1902280	3	1	4	2	6	1	6	6	2021-10-19	2021-10-19
	18	23	3	28	CLOSE	LEDA-9019	99	AE1903442	3	1	4	2	6	1	6	6	2021-10-19	2021-10-19
	18	23	3	28	CLOSE	LEDA-9020	99	AE1903622	3	1	3	2	6	1	6	6	2021-10-19	2021-10-19
	18	23	3	28	CLOSE	LEDA-9021	99	AE1903796-1	3	1	3	2	6	1	6	6	2021-10-19	2021-10-19
	18	23	3	28	CLOSE	LEDA-9022	99	AE1913254	3	1	3	2	6	1	6	6	2021-10-19	2021-10-19
	18	23	3	28	CLOSE	LEDA-9023	99	AE1913414	3	1	3	2	6	1	6	6	2021-10-19	2021-10-19
	18	23	3	28	CLOSE	LEDA-9024	99	AE1913820	3	1	4	2	6	1	6	6	2021-10-19	2021-10-19
	18	23	3	28	CLOSE	LEDA-9025	99	AE1914238	3	1	4	2	6	1	6	6	2021-10-19	2021-10-19
	18	23	3	28	CLOSE	LEDA-9026	99	AE1923144	3	1	4	2	6	1	6	6	2021-10-19	2021-10-19
	18	23	3	28	CLOSE	LEDA-9027	99	AE1923666	3	1	4	2	6	1	6	6	2021-10-19	2021-10-19
	18	23	3	28	CLOSE	LEDA-9028	99	SZ191488	3	1	4	2	6	1	6	Null	2021-10-19	2021-10-19
	18	23	3	28	CLOSE	LEDA-9029	99	SZ1916676	3	1	3	2	6	1	6	8	2021-10-19	2021-10-19
	18	23	3	28	CLOSE	LEDA-9031	99	SZ1916172	3	1	4	2	6	1	6	6	2021-10-19	2021-10-19
	18	23	3	28	CLOSE	LEDA-9032	99	AE1917142-1	3	1	12	2	6	1	6	Null	2021-10-19	2021-10-19
	18	23	3	28	CLOSE	LEDA-9033	99	AE1901192	3	1	12	2	6	1	6	Null	2021-10-19	2021-10-19
	18	23	3	28	CLOSE	LEDA-9034	99	AE1916252-1	3	1	12	2	6	1	6	Null	2021-10-19	2021-10-19
	18	23	3	28	CLOSE	LEDA-9035	99	AE2011188-1	3	1	12	2	30	1	6	Null	2021-10-19	2021-10-19
	18	23	3	28	CLOSE	LEDA-9037	99	AE1917332	3	1	12	2	6	1	6	Null	2021-10-19	2021-10-19
	18	23	3	28	CLOSE	LEDA-9038	99	AE1916230	3	1	12	2	6	1	6	Null	2021-10-19	2021-10-19
	18	23	3	28	CLOSE	LEDA-9040	99	B-S17SZ6501	3	1	3	2	6	1	6	8	2021-10-19	2021-10-19
	18	23	3	28	CLOSE	LEDA-9041	99	AE2017094	4	1	2	2	30	1	6	7	2021-10-19	2021-10-19
	18	23	3	28	CLOSE	LEDA-9042	99	AE2017156	4	1	2	2	30	1	6	9	2021-10-19	2021-10-19
	18	23	3	28	CLOSE	LEDA-9052	99	SZ1908478	4	1	7	2	6	1	6	9	2021-10-19	2021-10-19
	18	23	3	28	CLOSE	LEDA-9053	99	SZ1908724	4	1	3	2	6	1	6	9	2021-10-19	2021-10-19
	18	23	3	28	CLOSE	LEDA-9054	99	SZ2017754	4	1	3	2	30	1	6	7	2021-10-19	2021-10-19
	18	23	3	28	CLOSE	LEDA-9055	99	SZ2017604	4	1	4	2	30	1	6	7	2021-10-19	2021-10-19
	18	23	3	28	CLOSE	LEDA-9056	99	SZ20112610	4	1	4	2	30	1	6	7	2021-10-19	2021-10-19
	18	23	3	28	CLOSE	LEDA-9059	99	WAE65003SP18-6	3	1	12	2	6	1	6	Null	2021-10-19	2021-10-19
